0,13.678276907912121,19.040206386479998,17.652971157184506,13.344382566275273,25.556501981032664,21.715243373005876,30.346287959959902,38.03720424649108,50.452074326022604,83.32464172222444,19.21951738304468,31.291554033550824,56.71557103805081,91.09100889735001,61.030968115832536,69.64768832099342,83.98091184337734,86.00883593702122,91.36196041017855,0,0,0,0,0,0,0,0,0,0,70.1947965622,0,0,16.534126294720668,43.68163299471896,21.15612577099222,16.399388991127097,31.420377865252632,17.17843249008684,81.71677582575,25.391088036066666,0,0,0,0,0,0,83.38662544883333,0,0,0,0,28.096257947175005,40.10845964295001,53.72219598295,0,0,0,0,0,0,0,0,0,0,0,0,0,0,0,0,0,0,0,0,65.6361144384,52.24788870358948,56.4833345413,0,34.3441905976,0,0,0
13.678276907912121,0,0,26.405950575433337,13.773940876499998,33.49520086649999,15.92719736822973,37.404259536400005,55.592618361540005,68.50137585616666,113.075714384,29.60380763995,41.604791402800004,0,0,74.0742619973,84.75590236096666,120.32535868999999,113.569990158,0,0,0,0,0,0,0,0,0,0,0,0,0,0,28.881440901399998,0,44.5093189049,38.94476260624286,0,0,0,0,0,0,0,0,0,0,0,0,0,0,0,0,0,0,0,0,0,0,0,0,0,0,0,0,0,0,0,0,0,0,0,0,0,0,0,0,0,0,0,0,0,0
19.040206386479998,0,0,13.642418858687499,60.8014889427,0,14.823527252671429,18.38943410545,0,0,0,30.1946663857,0,0,0,0,0,0,0,0,0,0,0,0,0,0,0,0,0,0,0,0,0,0,0,52.082073409,52.8896310149,0,0,0,0,0,0,0,0,0,0,0,0,0,0,0,0,0,0,0,0,0,0,0,0,0,0,0,0,0,0,0,0,0,0,0,0,0,0,0,0,0,0,0,0,0,0
17.652971157184506,26.405950575433337,13.642418858687499,0,24.585801099916665,41.55036565654042,19.023510564209754,18.709278023062502,55.26503755952173,62.506870537443746,82.28454727364999,13.569841033566666,28.92086377685,73.92303013179,94.543560327575,77.74506902695,88.7928109874,112.130467394,0,96.25073699113332,0,0,0,0,0,0,0,0,0,0,0,0,0,29.414353988465418,84.67498159409999,25.01435261966373,29.502538606728912,32.109103808650005,18.19787155134545,103.034648895,0,0,0,0,0,0,0,0,0,0,0,0,17.42389672995,31.17972946166666,0,0,0,0,0,0,0,0,0,0,0,0,0,0,0,0,0,0,0,0,0,0,36.70354048410001,0,0,0,0,0,0
13.344382566275273,13.773940876499998,60.8014889427,24.585801099916665,0,15.322401666661989,16.098957009883165,28.864056462159972,29.13835422278356,32.962255512675654,78.60988710977621,22.472937325839204,33.617588730270135,52.273179963734805,74.54515933993332,46.35903065009583,62.07481813839736,79.81951652784431,81.3657070195745,89.73446667210568,0,0,0,98.4721155167,0,0,0,0,0,0,76.77270133155713,0,0,20.702117208305168,48.34431886820292,28.02235489954801,24.623398104683854,39.87171044182465,29.874503786157142,79.76475893454,38.3849973679,0,0,0,0,0,0,87.60628885471112,90.5736012458625,84.74919901953332,0,0,39.7444555231,48.50724727505274,56.58182269506,76.5491628647,0,0,0,0,0,0,0,0,0,0,0,0,0,0,0,0,0,0,0,66.66771920522221,57.56649323490315,88.9741471972,0,45.4808306694,0,0,0
25.556501981032664,33.49520086649999,0,41.55036565654042,15.322401666661989,0,18.202177614146283,35.79718600966477,21.507751084009683,21.718728249815975,65.4466487503191,36.37527875579999,33.53346818390097,40.8284691590592,71.82386139385584,28.810491944580356,45.82327878998859,65.6404695235011,68.28817101993188,77.09802622335947,0,0,101.19229862407,78.9434834304895,104.99296511774999,0,0,0,103.286286354,83.8487353325,67.74977502606778,55.18319550313157,55.0678296566,18.16780367326184,36.519566914533016,26.4814376802828,20.44368898946701,32.418801184668624,42.026000380525,63.874795977617694,50.87284102027142,0,0,0,0,0,94.75857257844999,84.51234163343125,81.10156628290667,78.1568768846638,86.94718975490002,0,58.77820963328889,45.92338358701981,49.53757175659418,72.75103149412999,0,0,104.63936074566666,0,0,0,0,0,0,0,0,0,0,0,0,0,0,0,85.57691097268332,57.79036494764902,54.919062997111915,79.9719137085889,0,45.2147908211,74.1900033951,0,66.4566683769
21.715243373005876,15.92719736822973,14.823527252671429,19.023510564209754,16.098957009883165,18.202177614146283,0,19.374911146004322,21.150019438309208,40.059932562595385,75.35696628159036,20.780462458455926,30.739120042304812,45.31053030027221,83.34760435021019,53.24474033679332,65.66974153576234,81.69274455746813,84.88225340181411,91.26444281436568,112.740819931,127.266697909,105.4593661772,95.8702981447,115.61915822343333,0,0,0,0,0,81.69344112096876,67.6642918587,52.5147485733,24.440959830140244,49.85049050661398,32.48412605172675,31.216095870140396,44.49479411481638,48.01087175356097,74.2136862878909,62.2174039947,0,0,0,67.1477618217,0,95.63319034572,88.93906569304362,85.28327063035518,83.00914166220689,87.77934413484444,0,54.14763604689833,50.13942877401097,57.106212897132814,90.58468140510001,0,0,109.623804093,0,0,0,0,0,0,0,0,0,0,0,0,0,0,0,82.22022571564001,65.01205751328266,59.48271557237255,76.56544611929999,0,50.050783514975,100.17991765343334,0,64.7429151535
30.346287959959902,37.404259536400005,18.38943410545,18.709278023062502,28.864056462159972,35.79718600966477,19.374911146004322,0,24.396519722186934,24.147982564838344,20.864541085607236,21.229657205022004,24.243025375408838,30.051782183765194,67.58318006652043,47.283913954245776,53.61550700399727,64.39675739840722,76.84429032816242,74.6915973403022,0,0,100.64971199046,78.38537735125,93.40232160506665,87.41038433709998,0,0,98.5137710571,86.16958475115001,70.57057629794788,63.18793384552401,53.58933319916487,42.30201439702406,47.64882849936199,29.324775167392666,43.22196588765714,51.25988563990792,40.54254028415715,69.81409243435256,71.40023291344285,0,0,0,56.4722189903,78.1081600189,78.44811391833333,85.97428985686406,78.17760851508027,78.31312836074079,81.66012756826,0,49.62517802533076,45.62520988373395,50.8215675038772,71.63130887348666,86.46945858,0,94.19951836284999,0,0,0,0,0,0,0,0,0,0,0,0,0,0,0,79.88899314406669,56.011195070073484,52.96447564868196,73.5627942231357,0,40.49969329834,80.9122171402,0,70.0530761083
38.03720424649108,55.592618361540005,0,55.26503755952173,29.13835422278356,21.507751084009683,21.150019438309208,24.396519722186934,0,26.20078343424135,50.57818620438318,41.33705699088777,28.261842077068387,31.47088682856072,65.499934579795,40.387962735592204,42.28768940571505,52.781692344719865,66.85937013010798,67.67395612007203,0,90.00072078019998,97.84749721729999,76.64062741153685,87.89738649416,0,0,0,92.31463177996666,88.81160855295002,70.18804628240811,62.93141414902727,49.19730968224737,26.221794298207985,37.39582004258271,28.427769009624342,27.81665064977951,36.957205803375956,46.762078128088625,63.43191405215197,53.15683518364444,0,0,0,0,0,85.3572259480111,82.16133980111574,79.05135267099872,76.37074610584757,83.01397608810564,102.593755722,59.202395268832134,45.94111191160826,47.06214147448113,71.65078320648182,99.10541534434999,101.52788543716667,97.64626879917144,0,118.70791626,0,0,0,0,0,0,0,0,0,0,0,0,0,78.46901654225103,53.4881607187881,53.573522049763476,74.87340357266064,0,54.19021153451667,79.65785530637143,0,64.84044057982143
50.452074326022604,68.50137585616666,0,62.506870537443746,32.962255512675654,21.718728249815975,40.059932562595385,24.147982564838344,26.20078343424135,0,19.923545007464472,57.409610659421126,40.40742618337124,29.80173089654173,56.26742119873585,19.197147501164192,31.842851372295957,39.492928169099244,53.9773836494791,51.46166010162358,57.5608353615,83.22495403288,84.5761294292,67.08275862289847,78.82689650745002,79.1713657258,0,0,75.26449728012999,71.47021254978378,57.46315408381554,45.32282084889579,42.161306395929735,28.189406800453384,39.95142947978647,34.276937456929325,33.800862255883644,43.22974520573001,58.11325363886667,58.94574047697469,55.652357219638574,0,0,0,0,108.075176239,91.187428712675,85.31454775548181,85.11583659052187,80.19926504293811,82.30718836102858,67.22719450793333,70.49031864513637,53.47783974054241,50.43440976587193,59.629772006028205,89.666539430575,93.0889189243,92.22637547386665,95.1691122054,93.01017189036,0,0,0,0,0,0,0,0,0,0,0,0,0,81.5438108955107,55.36707522289649,59.41075327187084,80.45248081207599,85.3470849991,54.84271001815,69.92839352286666,0,63.11050910535218
83.32464172222444,113.075714384,0,82.28454727364999,78.60988710977621,65.4466487503191,75.35696628159036,20.864541085607236,50.57818620438318,19.923545007464472,0,85.73015533412223,61.335889995424274,26.850989821678624,26.441562016220384,19.769911471671712,28.93694379875503,18.78083379354718,45.54816480509918,23.384359708760154,17.1895819902,49.22178883554,65.17127998839149,47.39221071874866,59.26844745523529,49.10830557345,0,0,60.644448630006664,60.09249900470909,48.399745260106506,43.08294672513534,36.57023191291467,45.52136538935626,47.97308593930463,38.61661753484835,53.756137256439196,57.998542647788106,72.83243266741668,48.83488057010443,63.07556425608846,0,0,0,0,0,0,0,84.0375003815,99.00417184829999,57.7958140645909,13.004413604749999,0,68.54173624192974,60.49323137333246,42.51622220602272,14.7342389822,0,76.64827728268571,0,63.5401492119,0,0,0,0,0,0,0,0,0,0,0,0,0,70.22004048026668,64.67056771140984,70.00367040383291,88.298435688,0,0,0,0,50.659626165999995
19.21951738304468,29.60380763995,30.1946663857,13.569841033566666,22.472937325839204,36.37527875579999,20.780462458455926,21.229657205022004,41.33705699088777,57.409610659421126,85.73015533412223,0,18.919934990520627,56.40656273527229,80.41789060303334,66.4554255960489,80.66226031246954,92.2513387406226,95.647097682935,93.07057719331667,0,0,0,0,0,0,0,0,0,0,0,0,0,30.96646726463697,54.00090479403501,21.617564000892276,34.66233349375373,46.92838730857326,15.466369157800003,95.41129481743333,0,31.776757230966666,0,0,33.2184946537,37.31366325051429,42.15217011855,48.55294722372116,45.12199424733612,57.0323677062926,68.55444939933332,0,13.799652700455843,20.796023041719156,47.08900979746713,77.7380552292,0,0,0,0,0,0,0,0,0,0,0,0,0,0,0,0,0,0,38.952674865158336,54.72849897904546,23.773332932390474,40.333552694846155,0,16.30272538345102,0,0,0
31.291554033550824,41.604791402800004,0,28.92086377685,33.617588730270135,33.53346818390097,30.739120042304812,24.243025375408838,28.261842077068387,40.40742618337124,61.335889995424274,18.919934990520627,0,21.897112197447086,57.77044793371821,55.536332337407835,59.719474119646485,69.57236427460293,78.18981510515681,77.63498886142067,0,0,0,74.19530318697501,0,76.91001165680001,0,0,91.999997139,75.6187553406,71.05104550719375,54.7500023842,51.346876780200006,34.528933387119594,30.432410179471045,16.70279675205597,31.704318537920113,39.817409110774705,18.574454837976777,56.43707706483484,64.9979176521,41.271216839543754,0,0,37.88345217705999,44.63861560470589,47.69929491536207,48.50144131735376,45.89745467696961,44.90736669390521,54.18518908818456,68.43159658964652,19.999274700289597,17.814577828995574,23.929549525719523,53.39772419357357,62.44990103585511,62.25587257316785,70.48561099172589,90.6125059128,71.53074530760834,0,0,0,55.24268627165,0,0,0,0,0,0,0,0,0,44.30417995235266,26.4050923190642,19.73373932932534,42.473874367347925,39.16332853634667,19.501806835913975,52.40804974017027,0,49.71277154575756
56.71557103805081,0,0,73.92303013179,52.273179963734805,40.8284691590592,45.31053030027221,30.051782183765194,31.47088682856072,29.80173089654173,26.850989821678624,56.40656273527229,21.897112197447086,0,24.217498578990323,31.257860683793787,29.526305147047935,28.626209023459868,48.58244243766803,31.25840818083904,40.576714177920834,55.05656108316604,65.51924229882887,39.73907834900557,57.08877276764513,41.967260863744,0,0,60.69113349275785,58.44982410549384,48.589570828750276,42.41561550347644,34.34289971189152,33.39265226183123,20.42932472275705,17.334126150362593,38.310118785195485,43.447108144516115,30.442811343399413,27.243061723175213,52.48297436057114,48.918868303349996,0,0,0,49.57682517595,49.0099444789771,54.57110459039238,51.32469572953118,45.85712528953826,50.63257095194116,62.640121880914066,50.02209204070203,24.247776935526726,20.20967513284305,25.544694977602827,55.97622510194874,58.47049136294167,61.334070742559696,72.97805228343954,53.10924595992276,0,0,92.924996376,36.451546818025,0,42.401286888129995,0,0,0,0,0,78.5500059128,0,45.888956424411695,20.398371859095434,22.999276899814483,43.676591472259446,37.67605215808333,30.78750869122167,30.73919385126983,0,27.80450021834307
91.09100889735001,0,0,94.543560327575,74.54515933993332,71.82386139385584,83.34760435021019,67.58318006652043,65.499934579795,56.26742119873585,26.441562016220384,80.41789060303334,57.77044793371821,24.217498578990323,0,44.389943113398225,34.277700040125985,30.23544347278346,38.86802850243857,19.71612938214718,30.412312747081387,41.320680180618574,45.413601895019106,20.21441832203204,33.49661230776035,17.014062604917235,0,0,42.547539520701584,44.41387495999964,40.423542789415606,37.87699554916634,32.82287309792979,35.884917488173,19.935959336525656,27.996608328024127,46.932835509304404,49.96107670389063,63.40126885468461,17.73225329749173,51.06281081493492,0,0,0,0,0,66.100001812,90.62696361537502,66.84121471642497,68.55018281936296,58.96097324512592,39.119341611866666,0,54.62770852778194,24.201373565435876,15.919027928822139,51.88394348437693,48.656051491128785,44.76438286954663,51.7537297679937,34.35786186236953,38.18780894279999,45.54697207611667,56.448161568556145,33.349227879001695,55.10670693715,33.1651191473,0,0,55.804090410475,60.9661650658,54.8827687303375,46.05953381775593,35.11685335635,44.28862725877976,25.397343716559426,39.543085803533245,56.09658640623214,57.09644525437001,59.48469177883334,22.11444050494795,0,20.124705386733023
61.030968115832536,74.0742619973,0,77.74506902695,46.35903065009583,28.810491944580356,53.24474033679332,47.283913954245776,40.387962735592204,19.197147501164192,19.769911471671712,66.4554255960489,55.536332337407835,31.257860683793787,44.389943113398225,0,21.117974189547184,23.972949467748496,41.53786844310124,31.493143826763017,56.24369232995714,64.88649559023334,73.07554872752242,58.092423123037975,66.79668796370001,70.04930025283333,0,0,63.65329270362001,61.40745091437779,45.668557770070706,34.86078200753361,30.142515560897724,29.534230233573215,42.853525068619476,40.0413453194672,39.02811008042594,47.82058430865778,68.16740334035,56.679336956613604,59.85741126884872,0,0,0,0,0,92.0724973679,86.377081871,81.8800039292,85.978748639425,81.9932486216,18.8455696106,99.8077325819,62.36930668089223,56.20207608642839,56.75685121899524,0,94.34715557099999,93.40324518412223,81.2187185288,0,0,0,0,0,0,0,0,0,0,0,0,0,0,83.93425254819999,61.05560299672962,66.2217647736434,83.39453487397999,0,0,0,0,59.1671817303
69.64768832099342,84.75590236096666,0,88.7928109874,62.07481813839736,45.82327878998859,65.66974153576234,53.61550700399727,42.28768940571505,31.842851372295957,28.93694379875503,80.66226031246954,59.719474119646485,29.526305147047935,34.277700040125985,21.117974189547184,0,28.836396051637685,23.647591753545964,32.600368026757515,44.71269449509907,45.551755404118076,47.92151262050594,31.77327814583079,38.03669576783587,32.56351572758758,0,0,38.552819555510325,35.22369246793558,17.933729871347083,18.231415206229542,23.21286837058839,30.99098507708224,32.81159709391635,32.242510230387595,39.613291815290225,43.12796630969915,61.234977006916665,31.759179112802762,50.64676961253279,0,0,0,0,0,103.54393609393334,0,99.28367137904998,88.81740697224001,85.58056746588889,83.7449989319,0,64.27327709319742,57.19710121800677,47.931391911181365,78.07152843473332,82.70555070875001,85.39371028846554,90.53410744667498,76.53968113485999,0,0,0,0,0,0,0,0,0,0,0,71.5479158402,0,81.1486256034222,59.22734987405928,66.00285964053757,86.61345666248667,90.5300579071,0,56.35598227678749,0,46.631908758098405
83.98091184337734,120.32535868999999,0,112.130467394,79.81951652784431,65.6404695235011,81.69274455746813,64.39675739840722,52.781692344719865,39.492928169099244,18.78083379354718,92.2513387406226,69.57236427460293,28.626209023459868,30.23544347278346,23.972949467748496,28.836396051637685,0,20.877893483943424,16.40637256858186,14.166778755061431,15.06578545870545,20.22108534708139,27.568449328812974,37.12866752906625,47.11572261983184,80.522898674,0,41.1035304150554,40.3218203632805,38.56455388286568,38.55994825423695,39.37861653666557,43.837578700625464,44.55851117681673,38.72647021978487,52.2601151378297,57.05793165033827,75.8395425677375,43.803033758276854,67.28930381589305,0,0,0,0,0,0,0,99.28451967219999,98.09367187822085,95.2810956730647,64.29457942643333,106.273338318,72.52766879696635,63.950080018942565,47.000552569844274,97.191663742,87.44187359225333,84.24781504080369,87.1387528073,72.63190636393962,15.9624553323,0,91.98646354670001,60.17565250396666,0,0,0,0,0,0,79.5258426666,72.41108277640001,0,88.19079318416154,67.29133364454742,74.04156032572183,93.41070783137499,90.00313345589998,0,58.23779407414545,0,59.20494746806708
86.00883593702122,113.569990158,0,0,81.3657070195745,68.28817101993188,84.88225340181411,76.84429032816242,66.85937013010798,53.9773836494791,45.54816480509918,95.647097682935,78.18981510515681,48.58244243766803,38.86802850243857,41.53786844310124,23.647591753545964,20.877893483943424,0,22.210353881615788,23.474707523756578,20.425359512560018,21.61103329098966,23.442450060814853,28.429331248488907,36.768094727844755,69.3003405677,78.08288108456667,28.796250513870866,24.77889487062705,23.666729168885993,26.33040385059877,33.185795385082166,40.41954135090347,43.71046848170019,42.940130949468724,54.229206857016536,58.80203366245467,75.70664119717999,37.65102597783725,66.15086461972659,0,0,0,0,0,0,0,0,0,100.200004578,0,0,79.46211870978233,70.2957771189094,53.35671745917801,0,97.80799007413334,92.32713280405359,93.91670519120001,75.8111314654325,0,0,89.8999910355,63.50332228346666,0,0,0,0,0,0,0,94.0250015259,0,85.46311378478461,71.35330419322467,77.93585384288272,94.75692987437502,0,0,62.258049488066675,0,58.051632164058915
91.36196041017855,0,0,96.25073699113332,89.73446667210568,77.09802622335947,91.26444281436568,74.6915973403022,67.67395612007203,51.46166010162358,23.384359708760154,93.07057719331667,77.63498886142067,31.25840818083904,19.71612938214718,31.493143826763017,32.600368026757515,16.40637256858186,22.210353881615788,0,16.35642802472505,17.299435750152252,21.255694768042858,20.751529955301503,32.73559761321605,32.84293372359713,0,0,32.361361277221555,31.771113425332207,33.5589509038291,35.69712671066234,35.406350354778944,43.14898433710639,36.49937704456811,38.11149298662419,56.57368429066081,58.97344243186758,79.63741723824286,24.88228297932434,65.51131233410813,0,0,0,0,0,0,0,0,0,0,0,0,76.0342505455,50.46708151855066,32.593420580627516,0,74.62451186182001,68.00319325633414,74.08215352467754,53.55894570860764,0,0,79.19539928436,49.322590382879994,0,0,0,0,0,0,77.7051010132,64.5334396362,0,70.29905173355883,54.23397048480333,69.09455350199079,85.94536124337777,95.7549962998,0,40.94135257271744,0,43.082222796601364
0,0,0,0,0,0,112.740819931,0,0,57.5608353615,17.1895819902,0,0,40.576714177920834,30.412312747081387,56.24369232995714,44.71269449509907,14.166778755061431,23.474707523756578,16.35642802472505,0,14.35208067032951,18.559632844493986,25.366999117228936,32.625067894736844,46.35001028909231,0,0,39.7765175857651,41.11616121588185,46.975105381218285,47.34635468109257,46.841331210138,52.69195157666836,50.426412339592645,46.885578095911114,63.34763338932883,67.96555553781818,0,44.57837311206431,0,0,0,0,0,0,0,0,0,0,0,0,0,0,0,23.3874986172,0,0,21.007924199100003,25.8777973652,0,13.381805070240002,12.27616512775,22.663508951666667,11.8763659001,0,0,0,0,0,0,0,0,0,0,0,0,0,0,0,0,0,0
0,0,0,0,0,0,127.266697909,0,90.00072078019998,83.22495403288,49.22178883554,0,0,55.05656108316604,41.320680180618574,64.88649559023334,45.551755404118076,15.06578545870545,20.425359512560018,17.299435750152252,14.35208067032951,0,16.569801757809962,16.58616378316015,20.916605832402265,44.086905500558125,0,0,32.25551619930326,35.46044305880094,41.92123945807473,46.882906824420324,48.16662290962728,53.371548793483505,53.82872311779337,54.83623253503809,65.67646835305598,71.11562268678605,0,43.710236662865626,59.5625033378,0,0,0,0,0,0,0,0,0,0,0,0,0,0,52.2587490082,0,0,11.9157950878,0,70.1333417892,13.088337361825001,11.633999645700001,0,13.587983310233332,0,0,0,0,0,0,0,0,0,0,0,0,0,0,0,0,0,0
0,0,0,0,0,101.19229862407,105.4593661772,100.64971199046,97.84749721729999,84.5761294292,65.17127998839149,0,0,65.51924229882887,45.413601895019106,73.07554872752242,47.92151262050594,20.22108534708139,21.61103329098966,21.255694768042858,18.559632844493986,16.569801757809962,0,20.711856646625563,17.526706538228197,37.15378099380769,82.5468128871,85.6946063362,27.204156113174147,31.934046605011627,35.808602007851434,45.14495194573518,47.71975180605453,52.762814688906815,52.84910202143297,57.15476720711198,65.31251514255501,70.451889701925,0,39.91468537041816,69.8109038980889,0,0,0,0,0,0,0,0,0,0,0,0,0,0,58.72765196924348,0,0,50.28531694409999,91.4702415466,72.8603153229,20.344130367062498,21.895577430766668,99.5513105394,23.580354580507688,0,0,0,0,0,0,0,0,0,89.1323776245,76.88622080195454,79.67482805249999,0,0,0,58.87718582155001,0,60.70176283518333
0,0,0,0,98.4721155167,78.9434834304895,95.8702981447,78.38537735125,76.64062741153685,67.08275862289847,47.39221071874866,0,74.19530318697501,39.73907834900557,20.21441832203204,58.092423123037975,31.77327814583079,27.568449328812974,23.442450060814853,20.751529955301503,25.366999117228936,16.58616378316015,20.711856646625563,0,18.242400080074436,15.682503772406173,0,0,22.34292771833343,24.67376389629943,24.65730666275587,27.898036306982018,27.94091266556402,30.755166953328427,25.265304029874976,34.85354234808355,42.01234456439703,47.08777687340193,0,16.028437632006863,47.67824266216875,0,0,0,0,0,0,0,0,0,0,0,0,0,30.517360915741662,28.59969855525893,0,0,35.383990824225,51.12522287368,44.14460535483182,12.251505891466667,14.886386513719998,32.84214696885,21.00524833927826,24.6180338859,0,0,0,0,0,0,0,0,0,42.115668253475754,45.9523715973,0,0,0,38.351724863056,0,27.186125958170177
0,0,0,0,0,104.99296511774999,115.61915822343333,93.40232160506665,87.89738649416,78.82689650745002,59.26844745523529,0,0,57.08877276764513,33.49661230776035,66.79668796370001,38.03669576783587,37.12866752906625,28.429331248488907,32.73559761321605,32.625067894736844,20.916605832402265,17.526706538228197,18.242400080074436,0,19.27706690633137,16.060807310799994,26.596841124339996,16.823901281762513,21.040452786388837,22.982025400928205,27.979777822419027,31.518068930302185,34.09228813438487,36.33148981709192,43.7069742499235,44.102258228451426,51.56270429088496,0,21.889777555800382,19.163072122454547,0,0,0,0,0,0,0,0,0,0,0,0,0,0,44.32951102937143,0,0,0,0,0,0,0,0,0,0,0,0,0,0,0,0,0,0,0,60.84329468862857,0,0,0,0,45.770188689225,0,40.66192138989333
0,0,0,0,0,0,0,87.41038433709998,0,79.1713657258,49.10830557345,0,76.91001165680001,41.967260863744,17.014062604917235,70.04930025283333,32.56351572758758,47.11572261983184,36.768094727844755,32.84293372359713,46.35001028909231,44.086905500558125,37.15378099380769,15.682503772406173,19.27706690633137,0,15.34071895270909,57.01605298015,20.600670367899152,22.406741208217866,18.313411003978118,19.161687830316176,21.490664077686912,23.604524359814114,20.23843451800738,33.743830419066164,30.10457581233077,33.55275499737088,33.6940540467,12.810303383927778,24.41580386731,0,0,0,0,0,0,0,0,0,0,0,0,0,38.28386514525714,27.819721698780004,0,0,0,0,29.8869671822,0,0,0,0,0,0,0,0,0,0,0,0,0,0,39.75992620039999,0,0,0,0,35.35291850565,0,16.42462112199799
0,0,0,0,0,0,0,0,0,0,0,0,0,0,0,0,0,80.522898674,69.3003405677,0,0,0,82.5468128871,0,16.060807310799994,15.34071895270909,0,16.033974814766665,15.42184754547143,34.265287923100004,52.930876494879996,28.188234967666663,35.3074975014,20.21388457892857,0,0,19.4643500958,0,0,16.573238799600002,11.637109170516666,0,0,0,0,0,0,0,0,0,0,0,0,0,0,0,0,0,0,0,0,0,0,0,0,0,0,0,0,0,0,0,0,0,0,0,0,0,0,0,0,0,0
0,0,0,0,0,0,0,0,0,0,0,0,0,0,0,0,0,0,78.08288108456667,0,0,0,85.6946063362,0,26.596841124339996,57.01605298015,16.033974814766665,0,20.186744130316665,33.547287894375,61.454329235025,29.880021778922227,0,22.41654600868889,0,0,23.133877852425,0,0,31.75911003962857,14.064304396599999,0,0,0,0,0,0,0,0,0,0,0,0,0,0,0,0,0,0,0,0,0,0,0,0,0,0,0,0,0,0,0,0,0,0,0,0,0,0,0,0,0,0
0,0,0,0,0,103.286286354,0,98.5137710571,92.31463177996666,75.26449728012999,60.644448630006664,0,91.999997139,60.69113349275785,42.547539520701584,63.65329270362001,38.552819555510325,41.1035304150554,28.796250513870866,32.361361277221555,39.7765175857651,32.25551619930326,27.204156113174147,22.34292771833343,16.823901281762513,20.600670367899152,15.42184754547143,20.186744130316665,0,15.61194702480048,18.04508875040653,28.063223998186572,33.460220500176305,36.55862280726599,41.09886756906649,47.43142846817682,46.40495318448419,56.442712711696096,0,25.665559442285087,19.191344385489742,0,0,0,0,0,0,0,0,0,0,0,0,0,0,59.050263166425,0,0,0,0,71.7545251846,0,0,0,0,0,0,0,0,0,0,0,0,0,0,67.24415670121428,0,0,0,0,0,0,47.11273958133846
0,0,0,0,0,83.8487353325,0,86.16958475115001,88.81160855295002,71.47021254978378,60.09249900470909,0,75.6187553406,58.44982410549384,44.41387495999964,61.40745091437779,35.22369246793558,40.3218203632805,24.77889487062705,31.771113425332207,41.11616121588185,35.46044305880094,31.934046605011627,24.67376389629943,21.040452786388837,22.406741208217866,34.265287923100004,33.547287894375,15.61194702480048,0,16.793480248390527,26.207948854332585,27.856622401614057,34.19114638577559,37.13660372696541,45.24758427200198,42.34445208096858,52.43890861711444,0,26.289698890317027,30.201866967380766,0,0,0,0,0,0,0,0,0,0,0,0,0,0,61.975982475260004,0,0,0,0,0,0,0,0,0,0,0,0,0,0,0,0,0,0,0,68.90206842951666,0,0,0,0,0,0,37.232715928233745
70.1947965622,0,0,0,76.77270133155713,67.74977502606778,81.69344112096876,70.57057629794788,70.18804628240811,57.46315408381554,48.399745260106506,0,71.05104550719375,48.589570828750276,40.423542789415606,45.668557770070706,17.933729871347083,38.56455388286568,23.666729168885993,33.5589509038291,46.975105381218285,41.92123945807473,35.808602007851434,24.65730666275587,22.982025400928205,18.313411003978118,52.930876494879996,61.454329235025,18.04508875040653,16.793480248390527,0,14.447486399416826,17.55591231732599,25.13424677482178,29.88620885919323,36.17615676985006,41.085964642664024,47.75961211770908,0,21.304233120713896,47.328190968496294,0,0,0,0,0,0,0,0,0,0,0,0,0,71.1199359894,52.61345228467714,0,0,79.6216669083,0,66.5604200363,0,0,0,0,0,0,0,0,0,0,0,0,0,0,64.75339347975714,70.21349582672,0,0,0,55.93276834487778,0,38.12341238007044
0,0,0,0,0,55.18319550313157,67.6642918587,63.18793384552401,62.93141414902727,45.32282084889579,43.08294672513534,0,54.7500023842,42.41561550347644,37.87699554916634,34.86078200753361,18.231415206229542,38.55994825423695,26.33040385059877,35.69712671066234,47.34635468109257,46.882906824420324,45.14495194573518,27.898036306982018,27.979777822419027,19.161687830316176,28.188234967666663,29.880021778922227,28.063223998186572,26.207948854332585,14.447486399416826,0,13.04198153583573,17.858882333345257,23.531371302774684,28.67331978160878,25.655906733785415,35.213215085166766,0,19.015749992264674,22.6796006622113,0,0,0,0,0,0,0,0,0,0,0,0,0,0,49.168091615033326,0,0,87.4227075577,96.0874948502,0,0,0,0,0,0,0,0,0,0,0,0,0,0,0,57.68213777542001,65.38317060469998,0,0,0,57.65325713159999,0,32.6180869032809
0,0,0,0,0,55.0678296566,52.5147485733,53.58933319916487,49.19730968224737,42.161306395929735,36.57023191291467,0,51.346876780200006,34.34289971189152,32.82287309792979,30.142515560897724,23.21286837058839,39.37861653666557,33.185795385082166,35.406350354778944,46.841331210138,48.16662290962728,47.71975180605453,27.94091266556402,31.518068930302185,21.490664077686912,35.3074975014,0,33.460220500176305,27.856622401614057,17.55591231732599,13.04198153583573,0,16.7655005958633,18.13039956500198,20.434153618843045,24.13031214630911,30.022241106738303,0,18.344607651187953,35.547522880944776,0,0,0,0,0,0,0,0,0,0,0,0,0,0,41.5798884928125,0,0,0,0,0,0,0,0,0,0,0,0,0,0,0,0,0,0,0,51.93057497890645,57.1382136345,0,0,0,0,0,31.40748150712029
16.534126294720668,28.881440901399998,0,29.414353988465418,20.702117208305168,18.16780367326184,24.440959830140244,42.30201439702406,26.221794298207985,28.189406800453384,45.52136538935626,30.96646726463697,34.528933387119594,33.39265226183123,35.884917488173,29.534230233573215,30.99098507708224,43.837578700625464,40.41954135090347,43.14898433710639,52.69195157666836,53.371548793483505,52.762814688906815,30.755166953328427,34.09228813438487,23.604524359814114,20.21388457892857,22.41654600868889,36.55862280726599,34.19114638577559,25.13424677482178,17.858882333345257,16.7655005958633,0,19.008282689788533,22.240111173085527,16.186735952374622,22.28433497350471,31.128210217421145,18.294198479632357,18.392434839683844,0,0,0,0,60.5003376007,94.9663063049,80.60552030994194,78.32145086087895,77.89151710687673,82.72107257263637,84.24803352356666,46.35418126981667,45.97005782247211,47.60168651668855,49.14268910690127,86.22899413097501,82.02707362175,87.38313214532069,93.75639820100525,81.31507928028572,0,0,101.460422516,0,0,0,0,0,0,0,85.5354146957,70.65572977065,0,76.52897511498982,50.60261495578236,53.920762739849444,81.95560063255833,66.9249978065,41.2029137611,51.66218497671837,0,27.87823422557662
43.68163299471896,0,0,84.67498159409999,48.34431886820292,36.519566914533016,49.85049050661398,47.64882849936199,37.39582004258271,39.95142947978647,47.97308593930463,54.00090479403501,30.432410179471045,20.42932472275705,19.935959336525656,42.853525068619476,32.81159709391635,44.55851117681673,43.71046848170019,36.49937704456811,50.426412339592645,53.82872311779337,52.84910202143297,25.265304029874976,36.33148981709192,20.23843451800738,0,0,41.09886756906649,37.13660372696541,29.88620885919323,23.531371302774684,18.13039956500198,19.008282689788533,0,18.27510345496353,16.63265608552096,15.419532352567861,16.038895382995896,15.791383941272557,15.760805710088645,56.7933359146,0,0,0,58.62397289276875,55.98746839565448,61.0030973809119,55.40449278863961,50.234459989047345,52.99388410970985,63.80823000566229,47.662046878239124,25.328067516966044,19.055142848549952,26.560464964321177,59.23706331304032,60.6982663952948,62.92883124571902,69.01420898160893,57.55145244004755,59.9806239605,0,69.15360219551515,46.04967564173999,66.071206688875,45.484768595000006,0,0,75.62362956999998,78.08792877197502,66.681570367818,57.01214023389157,50.49686207941786,48.90103491625788,20.68912608785808,23.690644614202263,45.09355222591421,34.91261509714986,16.87050846481357,32.06963698902634,29.46510762446974,15.027624033190271
21.15612577099222,44.5093189049,52.082073409,25.01435261966373,28.02235489954801,26.4814376802828,32.48412605172675,29.324775167392666,28.427769009624342,34.276937456929325,38.61661753484835,21.617564000892276,16.70279675205597,17.334126150362593,27.996608328024127,40.0413453194672,32.242510230387595,38.72647021978487,42.940130949468724,38.11149298662419,46.885578095911114,54.83623253503809,57.15476720711198,34.85354234808355,43.7069742499235,33.743830419066164,0,0,47.43142846817682,45.24758427200198,36.17615676985006,28.67331978160878,20.434153618843045,22.240111173085527,18.27510345496353,0,19.285746153255825,19.84456437286136,15.519071345939143,26.904280065937282,32.925152551675,47.938057412666666,0,0,40.544287348775,52.77837951805203,55.09037487900774,55.913189739529116,52.30189504845299,50.75190421926906,58.644663865473724,70.17009841254081,21.830632833193025,18.265257492558117,21.435949825232793,35.69887392274669,65.94326400967115,66.91068213768402,71.04951797023928,76.37271296753113,68.6701608152625,0,66.6829156876,77.82906341551666,68.34322818116667,0,0,0,0,0,86.0493888855,75.10719108578748,64.64837697835385,59.6807753245,50.86713626936034,23.574414145088138,24.78766742209259,49.19966711184126,39.227700946002685,15.420439596289222,45.087928551002015,27.3970487118,39.095122004849
16.399388991127097,38.94476260624286,52.8896310149,29.502538606728912,24.623398104683854,20.44368898946701,31.216095870140396,43.22196588765714,27.81665064977951,33.800862255883644,53.756137256439196,34.66233349375373,31.704318537920113,38.310118785195485,46.932835509304404,39.02811008042594,39.613291815290225,52.2601151378297,54.229206857016536,56.57368429066081,63.34763338932883,65.67646835305598,65.31251514255501,42.01234456439703,44.102258228451426,30.10457581233077,19.4643500958,23.133877852425,46.40495318448419,42.34445208096858,41.085964642664024,25.655906733785415,24.13031214630911,16.186735952374622,16.63265608552096,19.285746153255825,0,14.614770167788324,18.16219507996303,20.510977128655394,15.030493149088265,46.76568400065,0,0,0,59.587739880899996,79.6574988365,74.18303871154583,73.91372485593635,73.81763657877121,79.54971411114762,77.981842041,39.87274936640476,42.550209042590666,45.52804793189422,55.08421589507459,90.29967451089999,93.20720787038,90.74357549347292,98.3546360134375,86.43766782283498,0,0,94.9824991226,0,0,0,0,0,0,0,0,0,0,78.8752648521212,48.62813638096055,51.75247631205634,80.06512725244053,57.00454650858126,28.280232692149998,54.624385949732435,53.458788394950005,22.158348584358492
31.420377865252632,0,0,32.109103808650005,39.87171044182465,32.418801184668624,44.49479411481638,51.25988563990792,36.957205803375956,43.22974520573001,57.998542647788106,46.92838730857326,39.817409110774705,43.447108144516115,49.96107670389063,47.82058430865778,43.12796630969915,57.05793165033827,58.80203366245467,58.97344243186758,67.96555553781818,71.11562268678605,70.451889701925,47.08777687340193,51.56270429088496,33.55275499737088,0,0,56.442712711696096,52.43890861711444,47.75961211770908,35.213215085166766,30.022241106738303,22.28433497350471,15.419532352567861,19.84456437286136,14.614770167788324,0,13.619947932005031,22.660102465990217,12.720861307989292,0,0,0,0,0,0,0,0,78.83667774199999,88.16249895095001,0,0,39.18888562919167,42.5834187544282,54.278845465460485,0,89.7324981689,89.85614404677999,96.7416102093,93.7147665024,0,0,0,0,0,0,0,0,0,0,0,0,0,89.89208297726,38.96294538677151,42.87870101141407,78.95218736471817,40.42955186172765,14.783807622131247,44.60150485221477,42.1705677409875,18.70828257800283
17.17843249008684,0,0,18.19787155134545,29.874503786157142,42.026000380525,48.01087175356097,40.54254028415715,46.762078128088625,58.11325363886667,72.83243266741668,15.466369157800003,18.574454837976777,30.442811343399413,63.40126885468461,68.16740334035,61.234977006916665,75.8395425677375,75.70664119717999,79.63741723824286,0,0,0,0,0,33.6940540467,0,0,0,0,0,0,0,31.128210217421145,16.038895382995896,15.519071345939143,18.16219507996303,13.619947932005031,0,26.923150269108106,13.346874427694235,37.6249985695,0,0,0,43.8485450745,0,47.00452925682,45.676767396935,55.271854438775996,62.87763476370001,84.2425003052,15.624300299012049,18.875846494321923,29.10982422258315,62.48719427779,0,0,71.0349712372,0,0,0,0,0,0,0,0,0,0,0,0,0,0,0,31.432422280300003,16.601554059197007,15.516374928116791,26.684635509145455,16.744015508244736,12.036986585943055,55.09545630085,18.54954250653333,34.92088130041539
81.71677582575,0,0,103.034648895,79.76475893454,63.874795977617694,74.2136862878909,69.81409243435256,63.43191405215197,58.94574047697469,48.83488057010443,95.41129481743333,56.43707706483484,27.243061723175213,17.73225329749173,56.679336956613604,31.759179112802762,43.803033758276854,37.65102597783725,24.88228297932434,44.57837311206431,43.710236662865626,39.91468537041816,16.028437632006863,21.889777555800382,12.810303383927778,16.573238799600002,31.75911003962857,25.665559442285087,26.289698890317027,21.304233120713896,19.015749992264674,18.344607651187953,18.294198479632357,15.791383941272557,26.904280065937282,20.510977128655394,22.660102465990217,26.923150269108106,0,16.346743288561715,0,0,0,0,0,80.7439575195,83.6839599609,93.8708391189,76.04383365314168,74.685640335075,0,0,53.66554339273142,30.293651187707464,21.85070425636414,0,58.60147312528001,55.198976590327526,60.44348115568082,44.66586410285,0,0,60.28589491411819,39.116577262876,66.08855152129999,39.5269815922,0,0,59.71689414974999,66.5187478066,59.595306317,50.51081836223333,42.42459197838333,46.866181407186204,29.191710870919014,44.92188643888443,58.13747036212857,42.028548669397225,38.74053840939999,26.86312523316493,39.84700923351621,14.812915392069085
25.391088036066666,0,0,0,38.3849973679,50.87284102027142,62.2174039947,71.40023291344285,53.15683518364444,55.652357219638574,63.07556425608846,0,64.9979176521,52.48297436057114,51.06281081493492,59.85741126884872,50.64676961253279,67.28930381589305,66.15086461972659,65.51131233410813,0,59.5625033378,69.8109038980889,47.67824266216875,19.163072122454547,24.41580386731,11.637109170516666,14.064304396599999,19.191344385489742,30.201866967380766,47.328190968496294,22.6796006622113,35.547522880944776,18.392434839683844,15.760805710088645,32.925152551675,15.030493149088265,12.720861307989292,13.346874427694235,16.346743288561715,0,0,0,0,0,0,0,0,0,0,0,0,0,0,0,0,0,0,0,0,0,0,0,0,0,0,0,0,0,0,0,0,0,0,0,28.116878975643047,30.9399991035,0,42.045582417154165,19.402730483266666,41.01907745567838,40.60505383154118,18.992429075395215
0,0,0,0,0,0,0,0,0,0,0,31.776757230966666,41.271216839543754,48.918868303349996,0,0,0,0,0,0,0,0,0,0,0,0,0,0,0,0,0,0,0,0,56.7933359146,47.938057412666666,46.76568400065,0,37.6249985695,0,0,0,13.858099413766665,32.410452004225,17.82617857286022,13.961082900155755,26.246048595491853,21.973438881571216,31.284174497266044,38.91812341013912,55.96170934174587,83.11015658964443,19.45058187547819,29.838816329275836,61.63710098167358,97.66985543583333,65.04487253622572,74.67323301805334,83.87059042215093,96.86847447331249,97.28322660845383,0,0,0,0,0,0,0,0,0,0,0,77.5474996567,0,18.04943575153484,39.893644263163196,17.17611556159602,15.651392879106657,25.708797824737285,16.27846852742157,118.157747465,20.631689126633336,0
0,0,0,0,0,0,0,0,0,0,0,0,0,0,0,0,0,0,0,0,0,0,0,0,0,0,0,0,0,0,0,0,0,0,0,0,0,0,0,0,0,13.858099413766665,0,0,31.6709788005,14.022992035083998,36.447291845575,15.385089053594449,31.06268057824,59.603904329,56.606272669549995,0,27.74646840095,0,0,0,76.7916650772,93.12767110115,0,0,122.660826683,0,0,0,0,0,0,0,0,0,0,0,0,0,27.720337823833333,0,38.92910693536666,40.79375900336667,0,0,0,0,0
0,0,0,0,0,0,0,0,0,0,0,0,0,0,0,0,0,0,0,0,0,0,0,0,0,0,0,0,0,0,0,0,0,0,0,0,0,0,0,0,0,32.410452004225,0,0,13.050752565790908,52.067290806066666,0,22.237665167218182,17.188538203307143,0,0,0,28.4870051376,0,0,0,0,0,0,0,0,0,0,0,0,0,0,0,0,0,0,0,0,0,50.7784833633,0,60.93729327516667,56.71474559040001,0,0,0,0,0
0,0,0,0,0,0,67.1477618217,56.4722189903,0,0,0,33.2184946537,37.88345217705999,0,0,0,0,0,0,0,0,0,0,0,0,0,0,0,0,0,0,0,0,0,0,40.544287348775,0,0,0,0,0,17.82617857286022,31.6709788005,13.050752565790908,0,23.876306489234487,41.83087913246956,17.399486866192984,16.888436742525435,57.80568405802354,81.34699138289412,91.40879952539998,14.100948448322224,32.07146165093898,77.89778567403077,99.76943008303334,101.97829766016665,97.7290345378,117.11152934680001,0,122.24452883275,0,0,0,0,0,0,0,0,0,0,0,0,0,28.06174344422608,51.386459660540005,26.460645507926355,28.512703341658913,46.69245078469999,17.01319319841667,0,16.2193491361,0
0,0,0,0,0,0,0,78.1081600189,0,108.075176239,0,37.31366325051429,44.63861560470589,49.57682517595,0,0,0,0,0,0,0,0,0,0,0,0,0,0,0,0,0,0,0,60.5003376007,58.62397289276875,52.77837951805203,59.587739880899996,0,43.8485450745,0,0,13.961082900155755,14.022992035083998,52.067290806066666,23.876306489234487,0,15.726710437733793,16.02227627464129,27.592633875969167,26.31417460826193,37.24191474809492,78.05557865738604,22.11678746369315,29.543193047131975,52.73516231514365,81.44959797862,49.20893663215087,64.54777278317823,76.62453869196017,83.7422087270944,87.0983534918319,0,0,0,90.98194727235,0,0,0,0,0,0,68.67207789419999,76.4838412507,0,21.18009462300799,45.42498975955979,23.56722526624083,24.571733161789272,35.10335804999628,32.615129821619995,91.92747060374,0,0
0,0,0,0,0,94.75857257844999,95.63319034572,78.44811391833333,85.3572259480111,91.187428712675,0,42.15217011855,47.69929491536207,49.0099444789771,66.100001812,92.0724973679,103.54393609393334,0,0,0,0,0,0,0,0,0,0,0,0,0,0,0,0,94.9663063049,55.98746839565448,55.09037487900774,79.6574988365,0,0,80.7439575195,0,26.246048595491853,36.447291845575,0,41.83087913246956,15.726710437733793,0,18.262421435743196,37.80521610759847,20.700703526097836,21.37846491953477,67.31895951782228,36.220099818778756,35.13345428680288,44.80898939483169,74.18602024975473,30.813803076691187,48.56016152540851,63.52976780410424,72.23779132670055,76.95840109515305,79.9395771027,94.3640223662,93.65566972702,83.72669132123748,96.70043970859999,100.54914759285,0,0,97.8683300019,82.53977918625,72.47567351179545,60.18652206806533,40.99486123191111,17.946639659888532,37.66775324959548,26.29885471908844,20.523012775715426,32.43131478618923,40.468623604099996,72.89856356236977,53.26680217015001,55.3979129791
83.38662544883333,0,0,0,87.60628885471112,84.51234163343125,88.93906569304362,85.97428985686406,82.16133980111574,85.31454775548181,0,48.55294722372116,48.50144131735376,54.57110459039238,90.62696361537502,86.377081871,0,0,0,0,0,0,0,0,0,0,0,0,0,0,0,0,0,80.60552030994194,61.0030973809119,55.913189739529116,74.18303871154583,0,47.00452925682,83.6839599609,0,21.973438881571216,15.385089053594449,22.237665167218182,17.399486866192984,16.02227627464129,18.262421435743196,0,19.92619947774162,21.31043695534408,42.64246593184498,78.70518364100148,19.181128986895562,28.186872537754297,48.08681467426891,84.31288414503251,55.121721797471324,66.66749761573034,79.54479638244587,86.69223908676751,89.48087590316848,0,0,119.544362577,98.21275758829998,0,0,0,0,0,0,82.24646294116668,71.766067619555,0,23.588893337551415,48.44848819687004,29.691676815139452,31.013368412309557,41.89980020617684,44.94943184519081,80.41755124020455,57.34273176192999,74.49103752773333
0,0,0,0,90.5736012458625,81.10156628290667,85.28327063035518,78.17760851508027,79.05135267099872,85.11583659052187,84.0375003815,45.12199424733612,45.89745467696961,51.32469572953118,66.84121471642497,81.8800039292,99.28367137904998,99.28451967219999,0,0,0,0,0,0,0,0,0,0,0,0,0,0,0,78.32145086087895,55.40449278863961,52.30189504845299,73.91372485593635,0,45.676767396935,93.8708391189,0,31.284174497266044,31.06268057824,17.188538203307143,16.888436742525435,27.592633875969167,37.80521610759847,19.92619947774162,0,25.806977179587218,24.436077249580826,20.235829089267856,19.250094777717127,23.722278525241823,30.845578777754135,68.30499770698515,44.61332968093604,57.836733396505466,58.445569796746874,80.29773314818237,67.80230134641111,0,0,89.1145888328,85.65570431162223,81.08894786836,80.6098947525,0,0,87.5645837784,74.35084374746666,73.8406733142,60.13538781698311,52.59018313256842,39.76174915418393,47.2887936596492,30.832599225863998,43.84859699551297,49.952914332173144,49.8118259118806,68.31256261805999,62.964269750252946,0
0,0,0,0,84.74919901953332,78.1568768846638,83.00914166220689,78.31312836074079,76.37074610584757,80.19926504293811,99.00417184829999,57.0323677062926,44.90736669390521,45.85712528953826,68.55018281936296,85.978748639425,88.81740697224001,98.09367187822085,0,0,0,0,0,0,0,0,0,0,0,0,0,0,0,77.89151710687673,50.234459989047345,50.75190421926906,73.81763657877121,78.83667774199999,55.271854438775996,76.04383365314168,0,38.91812341013912,59.603904329,0,57.80568405802354,26.31417460826193,20.700703526097836,21.31043695534408,25.806977179587218,0,28.618799089849343,51.49069919032613,41.46921010732635,26.315767850404605,32.47195335896438,63.848815062429985,40.3784476622797,45.234202646895625,50.93793936831569,72.64443706332106,63.04193513181114,72.76651179605,77.54896459633332,90.86726199542727,72.530868232425,78.15087381996666,72.9574849605,0,0,86.47708702084999,91.35027662913332,74.824984722128,62.32360763612334,57.16305583716875,22.075125080505355,36.075338346834236,27.4272404373562,26.452047557622837,35.75459823122469,44.09140017717227,64.99650140678229,50.7218065035125,69.29131836361111
0,0,0,0,0,86.94718975490002,87.77934413484444,81.66012756826,83.01397608810564,82.30718836102858,57.7958140645909,68.55444939933332,54.18518908818456,50.63257095194116,58.96097324512592,81.9932486216,85.58056746588889,95.2810956730647,100.200004578,0,0,0,0,0,0,0,0,0,0,0,0,0,0,82.72107257263637,52.99388410970985,58.644663865473724,79.54971411114762,88.16249895095001,62.87763476370001,74.685640335075,0,55.96170934174587,56.606272669549995,0,81.34699138289412,37.24191474809492,21.37846491953477,42.64246593184498,24.436077249580826,28.618799089849343,0,20.343257046844077,61.47309234912061,41.37157254860595,30.120876952521336,51.865869346432156,18.267497287428196,31.896522174836562,34.04679017604313,56.57672050285119,44.147065574386055,60.528266947437494,70.03097988007778,78.25641974456416,67.06543246977813,71.60343500434001,78.34555912265,0,0,73.98937379895,69.53553901402142,59.50520755087278,46.56390805728184,36.383211512719356,22.882746060256203,39.16402128243843,34.58424601960855,33.30808865953891,44.39454144010925,55.93498129665283,60.488936937576405,56.00900395571143,56.880625009499994
0,0,0,0,0,0,0,0,102.593755722,67.22719450793333,13.004413604749999,0,68.43159658964652,62.640121880914066,39.119341611866666,18.8455696106,83.7449989319,64.29457942643333,0,0,0,0,0,0,0,0,0,0,0,0,0,0,0,84.24803352356666,63.80823000566229,70.17009841254081,77.981842041,0,84.2425003052,0,0,83.11015658964443,0,0,91.40879952539998,78.05557865738604,67.31895951782228,78.70518364100148,20.235829089267856,51.49069919032613,20.343257046844077,0,87.73996656417414,62.8626524623656,25.49157233386175,30.32107387687751,19.547479311803947,32.32508845108021,20.14977816226908,53.13408977243146,21.99311023722026,0,54.8777718544,65.05996962026816,55.536685132976,65.91787293979999,53.2133512497,0,0,67.02724336442381,65.80858930675001,53.08334431181933,40.14891092092525,40.11449508408919,42.27269126380585,48.6070592199365,37.46548761413064,54.800111815448595,59.61187618897007,76.25817185641249,52.67969991631166,68.11418485639999,39.0158057213
28.096257947175005,0,0,17.42389672995,39.7444555231,58.77820963328889,54.14763604689833,49.62517802533076,59.202395268832134,70.49031864513637,0,13.799652700455843,19.999274700289597,50.02209204070203,0,99.8077325819,0,106.273338318,0,0,0,0,0,0,0,0,0,0,0,0,0,0,0,46.35418126981667,47.662046878239124,21.830632833193025,39.87274936640476,0,15.624300299012049,0,0,19.45058187547819,27.74646840095,28.4870051376,14.100948448322224,22.11678746369315,36.220099818778756,19.181128986895562,19.250094777717127,41.46921010732635,61.47309234912061,87.73996656417414,0,19.54866120015018,59.007908546732935,85.97566923725,69.75841687422357,80.35787331738914,90.29373763964874,98.31182317457859,98.50022290046819,0,0,0,0,0,0,0,0,0,0,0,0,0,29.066945835849022,55.1586849567536,22.4514743205533,33.87136638966,43.89726098220432,15.822530616836586,107.92385476428332,0,0
40.10845964295001,0,0,31.17972946166666,48.50724727505274,45.92338358701981,50.13942877401097,45.62520988373395,45.94111191160826,53.47783974054241,68.54173624192974,20.796023041719156,17.814577828995574,24.247776935526726,54.62770852778194,62.36930668089223,64.27327709319742,72.52766879696635,79.46211870978233,76.0342505455,0,0,0,0,0,0,0,0,0,0,0,0,0,45.97005782247211,25.328067516966044,18.265257492558117,42.550209042590666,39.18888562919167,18.875846494321923,53.66554339273142,0,29.838816329275836,0,0,32.07146165093898,29.543193047131975,35.13345428680288,28.186872537754297,23.722278525241823,26.315767850404605,41.37157254860595,62.8626524623656,19.54866120015018,0,21.549059002398963,61.056201071919475,55.907645422404194,63.702020422021874,67.23987925119287,83.95959821175103,77.33250759506477,0,0,0,92.5816669464,0,86.1666688919,0,0,0,0,78.55472342173333,65.13795366288001,0,32.72009767406507,34.4434133074964,17.373983815441072,31.329578119723127,37.04208563028701,21.239295975434505,58.596785674146254,50.859321355800006,51.49063321315757
53.72219598295,0,0,0,56.58182269506,49.53757175659418,57.106212897132814,50.8215675038772,47.06214147448113,50.43440976587193,60.49323137333246,47.08900979746713,23.929549525719523,20.20967513284305,24.201373565435876,56.20207608642839,57.19710121800677,63.950080018942565,70.2957771189094,50.46708151855066,0,0,0,30.517360915741662,0,38.28386514525714,0,0,0,0,71.1199359894,0,0,47.60168651668855,19.055142848549952,21.435949825232793,45.52804793189422,42.5834187544282,29.10982422258315,30.293651187707464,0,61.63710098167358,0,0,77.89778567403077,52.73516231514365,44.80898939483169,48.08681467426891,30.845578777754135,32.47195335896438,30.120876952521336,25.49157233386175,59.007908546732935,21.549059002398963,0,23.371046627509116,30.273667299515722,31.574616296023326,26.323862290679134,51.845627296206864,30.093641260581958,52.17304948910959,55.748843864460916,63.103176452609425,41.46209091934822,57.46908481363315,42.965746711513944,0,0,61.04512298023707,60.64601384144999,52.24636425293186,38.927652582548205,36.25348034259628,31.72479929234727,21.402530886836278,17.708439651377915,37.943641609934495,44.177413169173434,39.24392549018441,28.072295758646675,53.62335984803158,27.256385077995024
0,0,0,0,76.5491628647,72.75103149412999,90.58468140510001,71.63130887348666,71.65078320648182,59.629772006028205,42.51622220602272,77.7380552292,53.39772419357357,25.544694977602827,15.919027928822139,56.75685121899524,47.931391911181365,47.000552569844274,53.35671745917801,32.593420580627516,23.3874986172,52.2587490082,58.72765196924348,28.59969855525893,44.32951102937143,27.819721698780004,0,0,59.050263166425,61.975982475260004,52.61345228467714,49.168091615033326,41.5798884928125,49.14268910690127,26.560464964321177,35.69887392274669,55.08421589507459,54.278845465460485,62.48719427779,21.85070425636414,0,97.66985543583333,0,0,99.76943008303334,81.44959797862,74.18602024975473,84.31288414503251,68.30499770698515,63.848815062429985,51.865869346432156,30.32107387687751,85.97566923725,61.056201071919475,23.371046627509116,0,42.72686500701081,34.95326656850235,28.293433454372465,37.46359313366143,20.97171275954859,34.17688013432351,37.06636811184582,41.57566865753827,20.575278283388347,37.986178339256156,17.56735439574783,46.2079111417,0,42.46307632981468,45.18772154349393,41.41793646585512,34.50037010980402,31.996566549907783,33.17547010581401,20.908804766237875,29.31116014611651,50.84754652659155,55.10817351600484,71.80687843860001,17.800509246572368,58.97750299855264,19.360514676169174
0,0,0,0,0,0,0,86.46945858,99.10541534434999,89.666539430575,14.7342389822,0,62.44990103585511,55.97622510194874,51.88394348437693,0,78.07152843473332,97.191663742,0,0,0,0,0,0,0,0,0,0,0,0,0,0,0,86.22899413097501,59.23706331304032,65.94326400967115,90.29967451089999,0,0,0,0,65.04487253622572,76.7916650772,0,101.97829766016665,49.20893663215087,30.813803076691187,55.121721797471324,44.61332968093604,40.3784476622797,18.267497287428196,19.547479311803947,69.75841687422357,55.907645422404194,30.273667299515722,42.72686500701081,0,21.13338544294887,20.68658861547763,43.0282093645198,27.82241945828769,56.03658961177143,61.49327187903,68.13462489323334,56.421706713718756,64.32007338436667,67.30775974633333,0,0,64.14259755610625,59.715685526533335,46.58409739377542,34.191092582367936,20.53767573204737,21.861608922478478,41.64328243915439,39.08650046946091,37.757452135420955,48.896469849359086,58.9180783125,56.715836217047325,56.35354020449524,59.65122814178
0,0,0,0,0,0,0,0,101.52788543716667,93.0889189243,0,0,62.25587257316785,58.47049136294167,48.656051491128785,94.34715557099999,82.70555070875001,87.44187359225333,97.80799007413334,74.62451186182001,0,0,0,0,0,0,0,0,0,0,0,0,0,82.02707362175,60.6982663952948,66.91068213768402,93.20720787038,89.7324981689,0,58.60147312528001,0,74.67323301805334,93.12767110115,0,97.7290345378,64.54777278317823,48.56016152540851,66.66749761573034,57.836733396505466,45.234202646895625,31.896522174836562,32.32508845108021,80.35787331738914,63.702020422021874,31.574616296023326,34.95326656850235,21.13338544294887,0,24.11802192769295,21.270286890950562,32.56374148016905,41.15286770452325,43.46756875086385,46.15658085502155,36.72963738709755,42.559276015115266,38.9927554262,74.45351569133334,85.40001297,41.270946539515755,38.623991926499656,20.18469689109876,18.352317690134996,30.174271095286056,26.69919886641043,36.686790695533176,34.38999246591184,41.318302342381294,48.611543599588074,64.28853562143333,38.62045500447643,57.61807641463171,48.47760461460727
0,0,0,0,0,104.63936074566666,109.623804093,94.19951836284999,97.64626879917144,92.22637547386665,76.64827728268571,0,70.48561099172589,61.334070742559696,44.76438286954663,93.40324518412223,85.39371028846554,84.24781504080369,92.32713280405359,68.00319325633414,21.007924199100003,11.9157950878,50.28531694409999,35.383990824225,0,0,0,0,0,0,79.6216669083,87.4227075577,0,87.38313214532069,62.92883124571902,71.04951797023928,90.74357549347292,89.85614404677999,71.0349712372,55.198976590327526,0,83.87059042215093,0,0,117.11152934680001,76.62453869196017,63.52976780410424,79.54479638244587,58.445569796746874,50.93793936831569,34.04679017604313,20.14977816226908,90.29373763964874,67.23987925119287,26.323862290679134,28.293433454372465,20.68658861547763,24.11802192769295,0,19.917424023638347,16.605025613106957,13.772657662434774,14.6569679823328,20.616597756939193,27.713428854198117,35.54696434846597,46.63885452743709,0,0,40.11799901787615,41.46611554878946,38.35966522322519,30.901224756540135,38.609289095724634,34.947204507351316,42.01070346844201,37.6245600531781,49.39749688799464,56.12267575663727,69.800641526775,41.0988820254317,65.0008520158875,49.439541748590486
0,0,0,0,0,0,0,0,0,95.1691122054,0,0,90.6125059128,72.97805228343954,51.7537297679937,81.2187185288,90.53410744667498,87.1387528073,93.91670519120001,74.08215352467754,25.8777973652,0,91.4702415466,51.12522287368,0,0,0,0,0,0,0,96.0874948502,0,93.75639820100525,69.01420898160893,76.37271296753113,98.3546360134375,96.7416102093,0,60.44348115568082,0,96.86847447331249,0,0,0,83.7422087270944,72.23779132670055,86.69223908676751,80.29773314818237,72.64443706332106,56.57672050285119,53.13408977243146,98.31182317457859,83.95959821175103,51.845627296206864,37.46359313366143,43.0282093645198,21.270286890950562,19.917424023638347,0,22.453575919934867,19.364346964678006,18.578337242597275,19.74064556362152,24.607580033230732,31.45715484552246,38.209200723873366,71.61424726012856,80.04134454627999,30.33893826405864,26.697172338860494,23.661724410595674,23.052273096633456,34.93159302780919,36.23014216466945,42.030414645617775,43.73035067135271,55.91183480477288,61.22209118625886,76.97972369193748,36.454758177938004,65.99814342626124,53.70302434974798
0,0,0,0,0,0,0,0,118.70791626,93.01017189036,63.5401492119,0,71.53074530760834,53.10924595992276,34.35786186236953,0,76.53968113485999,72.63190636393962,75.8111314654325,53.55894570860764,0,70.1333417892,72.8603153229,44.14460535483182,0,29.8869671822,0,0,71.7545251846,0,66.5604200363,0,0,81.31507928028572,57.55145244004755,68.6701608152625,86.43766782283498,93.7147665024,0,44.66586410285,0,97.28322660845383,122.660826683,0,122.24452883275,87.0983534918319,76.95840109515305,89.48087590316848,67.80230134641111,63.04193513181114,44.147065574386055,21.99311023722026,98.50022290046819,77.33250759506477,30.093641260581958,20.97171275954859,27.82241945828769,32.56374148016905,16.605025613106957,22.453575919934867,0,16.417106962422462,17.865618432693985,22.63872049413208,22.103220585231483,33.48012910408842,35.30779479261658,0,0,32.13762332125107,33.59253680114099,33.5832800022636,32.85210760226893,36.99475358512379,38.184570536521804,38.19841739099764,39.241343728697835,57.59274695842463,61.052373376587845,77.02590955586153,28.006062629143326,65.86512732800246,37.43764287490032
0,0,0,0,0,0,0,0,0,0,0,0,0,0,38.18780894279999,0,0,15.9624553323,0,0,13.381805070240002,13.088337361825001,20.344130367062498,12.251505891466667,0,0,0,0,0,0,0,0,0,0,59.9806239605,0,0,0,0,0,0,0,0,0,0,0,79.9395771027,0,0,72.76651179605,60.528266947437494,0,0,0,52.17304948910959,34.17688013432351,56.03658961177143,41.15286770452325,13.772657662434774,19.364346964678006,16.417106962422462,0,14.628042539808362,19.21268897474201,25.12268907797441,32.930026153531955,43.18796470548303,0,0,36.22576840335561,39.28036194829334,41.45779776054391,42.95417553932501,45.94957682064365,47.72684543714662,48.66214837735373,50.86851959669243,63.48112444554406,66.24610219282353,0,42.301365288955715,0,40.26619923113749
0,0,0,0,0,0,0,0,0,0,0,0,0,0,45.54697207611667,0,0,0,0,0,12.27616512775,11.633999645700001,21.895577430766668,14.886386513719998,0,0,0,0,0,0,0,0,0,0,0,66.6829156876,0,0,0,0,0,0,0,0,0,0,94.3640223662,0,0,77.54896459633332,70.03097988007778,54.8777718544,0,0,55.748843864460916,37.06636811184582,61.49327187903,43.46756875086385,14.6569679823328,18.578337242597275,17.865618432693985,14.628042539808362,0,16.50890417897425,17.199428276944733,21.275511473537478,42.72793523370536,0,0,30.0102252768734,35.4943772130694,38.45684307136424,43.19181942405203,47.530409749222386,48.99479518029552,50.49232427400361,53.22008447482551,64.51559572970133,69.9066990330238,0,41.395096826005265,0,52.401174408844454
0,0,0,0,0,0,0,0,0,0,0,0,0,92.924996376,56.448161568556145,0,0,91.98646354670001,89.8999910355,79.19539928436,22.663508951666667,0,99.5513105394,32.84214696885,0,0,0,0,0,0,0,0,0,101.460422516,69.15360219551515,77.82906341551666,94.9824991226,0,0,60.28589491411819,0,0,0,0,0,0,93.65566972702,119.544362577,89.1145888328,90.86726199542727,78.25641974456416,65.05996962026816,0,0,63.103176452609425,41.57566865753827,68.13462489323334,46.15658085502155,20.616597756939193,19.74064556362152,22.63872049413208,19.21268897474201,16.50890417897425,0,20.47408688482885,17.539773540515604,37.27430952590613,71.87115705664999,80.2761095017,27.55516446618362,32.37397897217562,33.19153020061689,40.50280078232196,45.659733871704425,49.89977384050664,50.35433259638344,55.17198289659834,63.05972396116514,68.10903712193985,0,38.70133796338638,62.27681102311,55.837483068895956
0,0,0,0,0,0,0,0,0,0,0,0,55.24268627165,36.451546818025,33.349227879001695,0,0,60.17565250396666,63.50332228346666,49.322590382879994,11.8763659001,13.587983310233332,23.580354580507688,21.00524833927826,0,0,0,0,0,0,0,0,0,0,46.04967564173999,68.34322818116667,0,0,0,39.116577262876,0,0,0,0,0,90.98194727235,83.72669132123748,98.21275758829998,85.65570431162223,72.530868232425,67.06543246977813,55.536685132976,0,92.5816669464,41.46209091934822,20.575278283388347,56.421706713718756,36.72963738709755,27.713428854198117,24.607580033230732,22.103220585231483,25.12268907797441,17.199428276944733,20.47408688482885,0,18.586926556231013,16.553803172379478,57.7340731394,0,21.77243981069254,26.486280785914094,25.077333022702852,26.308995616616667,26.609692583552995,30.49437301529363,25.68350071257802,35.47993529487761,43.033841046154556,49.25089196998281,0,17.332441421481956,48.940026648828564,25.507285727636717
0,0,0,0,0,0,0,0,0,0,0,0,0,0,55.10670693715,0,0,0,0,0,0,0,0,24.6180338859,0,0,0,0,0,0,0,0,0,0,66.071206688875,0,0,0,0,66.08855152129999,0,0,0,0,0,0,96.70043970859999,0,81.08894786836,78.15087381996666,71.60343500434001,65.91787293979999,0,0,57.46908481363315,37.986178339256156,64.32007338436667,42.559276015115266,35.54696434846597,31.45715484552246,33.48012910408842,32.930026153531955,21.275511473537478,17.539773540515604,18.586926556231013,0,18.957769789972847,22.11205496302222,22.36903091935,17.06594058605349,22.32529507359336,23.16012688841411,26.74576488174985,27.66431911473849,32.47997910643206,33.94453186385207,41.5118049771259,39.008639350120085,47.7643683137848,0,21.964500708604533,16.830174108745997,38.93170454545925
0,0,0,0,0,0,0,0,0,0,0,0,0,42.401286888129995,33.1651191473,0,0,0,0,0,0,0,0,0,0,0,0,0,0,0,0,0,0,0,45.484768595000006,0,0,0,0,39.5269815922,0,0,0,0,0,0,100.54914759285,0,80.6098947525,72.9574849605,78.34555912265,53.2133512497,0,86.1666688919,42.965746711513944,17.56735439574783,67.30775974633333,38.9927554262,46.63885452743709,38.209200723873366,35.30779479261658,43.18796470548303,42.72793523370536,37.27430952590613,16.553803172379478,18.957769789972847,0,16.16761468144167,41.42200386245,21.59512158984406,24.430100704427822,21.317981674670705,19.561493159356488,18.882164487842655,21.87128664202998,20.00606684871381,31.14838372182557,26.22585924495741,28.82372138347766,0,12.89175903693089,23.86678826758235,14.939073638175893
0,0,0,0,0,0,0,0,0,0,0,0,0,0,0,0,0,0,0,0,0,0,0,0,0,0,0,0,0,0,0,0,0,0,0,0,0,0,0,0,0,0,0,0,0,0,0,0,0,0,0,0,0,0,0,46.2079111417,0,74.45351569133334,0,71.61424726012856,0,0,0,71.87115705664999,57.7340731394,22.11205496302222,16.16761468144167,0,14.12842853778889,27.80918749658,29.327348394999998,55.38610834594999,28.821617964163636,38.09606453883333,17.328300471714286,0,0,20.75120712816667,0,0,16.433673975792306,12.955045242938462,0
0,0,0,0,0,0,0,0,0,0,0,0,0,0,0,0,0,0,0,0,0,0,0,0,0,0,0,0,0,0,0,0,0,0,0,0,0,0,0,0,0,0,0,0,0,0,0,0,0,0,0,0,0,0,0,0,0,85.40001297,0,80.04134454627999,0,0,0,80.2761095017,0,22.36903091935,41.42200386245,14.12842853778889,0,27.7323614958625,39.648526961120005,65.99964134555556,34.563674474790005,50.64549665243334,25.851291472120007,50.0291644732,0,27.8052801534,0,0,28.08472026268,16.88555634111,0
0,0,0,0,0,0,0,0,0,0,0,0,0,0,55.804090410475,0,0,0,0,0,0,0,0,0,0,0,0,0,0,0,0,0,0,0,75.62362956999998,0,0,0,0,59.71689414974999,0,0,0,0,0,0,97.8683300019,0,87.5645837784,86.47708702084999,73.98937379895,67.02724336442381,0,0,61.04512298023707,42.46307632981468,64.14259755610625,41.270946539515755,40.11799901787615,30.33893826405864,32.13762332125107,36.22576840335561,30.0102252768734,27.55516446618362,21.77243981069254,17.06594058605349,21.59512158984406,27.80918749658,27.7323614958625,0,15.89688987269865,17.22244445730764,27.204352647946273,31.833861262328295,37.5986849042035,40.26991598682351,46.81547590598408,47.8416490734992,57.57132477042218,0,26.222583731585182,20.949739707778573,47.42362788398868
0,0,0,0,0,0,0,0,0,0,0,0,0,0,60.9661650658,0,0,0,0,0,0,0,0,0,0,0,0,0,0,0,0,0,0,0,78.08792877197502,86.0493888855,0,0,0,66.5187478066,0,0,0,0,0,0,82.53977918625,0,74.35084374746666,91.35027662913332,69.53553901402142,65.80858930675001,0,0,60.64601384144999,45.18772154349393,59.715685526533335,38.623991926499656,41.46611554878946,26.697172338860494,33.59253680114099,39.28036194829334,35.4943772130694,32.37397897217562,26.486280785914094,22.32529507359336,24.430100704427822,29.327348394999998,39.648526961120005,15.89688987269865,0,16.477769668829158,26.92698017590011,29.56907511098525,36.79554935987075,39.070600822770366,46.18941649094989,45.92033155567715,54.579809972453205,0,28.45354055787017,26.491925113449994,41.94113130827567
0,0,0,0,0,0,0,0,0,0,0,0,0,0,54.8827687303375,0,0,79.5258426666,0,77.7051010132,0,0,0,0,0,0,0,0,0,0,0,0,0,85.5354146957,66.681570367818,75.10719108578748,0,0,0,59.595306317,0,0,0,0,0,68.67207789419999,72.47567351179545,82.24646294116668,73.8406733142,74.824984722128,59.50520755087278,53.08334431181933,0,78.55472342173333,52.24636425293186,41.41793646585512,46.58409739377542,20.18469689109876,38.35966522322519,23.661724410595674,33.5832800022636,41.45779776054391,38.45684307136424,33.19153020061689,25.077333022702852,23.16012688841411,21.317981674670705,55.38610834594999,65.99964134555556,17.22244445730764,16.477769668829158,0,15.065222522007357,22.654325414018444,29.792501375127756,32.89187394296062,38.883575701713085,45.941540981078546,52.090821719812475,0,24.37466608248063,49.92340984146924,42.13745153980546
0,0,0,0,0,0,0,0,0,0,0,0,0,78.5500059128,46.05953381775593,0,71.5479158402,72.41108277640001,94.0250015259,64.5334396362,0,0,0,0,0,0,0,0,0,0,0,0,0,70.65572977065,57.01214023389157,64.64837697835385,0,0,0,50.51081836223333,0,77.5474996567,0,0,0,76.4838412507,60.18652206806533,71.766067619555,60.13538781698311,62.32360763612334,46.56390805728184,40.14891092092525,0,65.13795366288001,38.927652582548205,34.50037010980402,34.191092582367936,18.352317690134996,30.901224756540135,23.052273096633456,32.85210760226893,42.95417553932501,43.19181942405203,40.50280078232196,26.308995616616667,26.74576488174985,19.561493159356488,28.821617964163636,34.563674474790005,27.204352647946273,26.92698017590011,15.065222522007357,0,14.24271889629195,20.880237929486036,22.136118750675355,25.299826735108205,32.0255956448667,38.17789092880858,47.9416656494,19.587139174599145,27.367866850886553,34.29864150483394
0,0,0,0,0,0,0,0,0,0,0,0,0,0,35.11685335635,0,0,0,0,0,0,0,0,0,0,0,0,0,0,0,0,0,0,0,50.49686207941786,59.6807753245,0,0,0,42.42459197838333,0,0,0,0,0,0,40.99486123191111,0,52.59018313256842,57.16305583716875,36.383211512719356,40.11449508408919,0,0,36.25348034259628,31.996566549907783,20.53767573204737,30.174271095286056,38.609289095724634,34.93159302780919,36.99475358512379,45.94957682064365,47.530409749222386,45.659733871704425,26.609692583552995,27.66431911473849,18.882164487842655,38.09606453883333,50.64549665243334,31.833861262328295,29.56907511098525,22.654325414018444,14.24271889629195,0,15.499026759475335,16.082973747362352,19.80298127152008,22.168345248058447,28.79636524241181,44.1444661617,16.342668517365563,34.18103404076137,30.147269546488136
0,0,0,0,0,85.57691097268332,82.22022571564001,79.88899314406669,78.46901654225103,81.5438108955107,70.22004048026668,38.952674865158336,44.30417995235266,45.888956424411695,44.28862725877976,83.93425254819999,81.1486256034222,88.19079318416154,85.46311378478461,70.29905173355883,0,0,89.1323776245,0,0,0,0,0,0,0,0,0,0,76.52897511498982,48.90103491625788,50.86713626936034,78.8752648521212,89.89208297726,31.432422280300003,46.866181407186204,0,18.04943575153484,27.720337823833333,50.7784833633,28.06174344422608,21.18009462300799,17.946639659888532,23.588893337551415,39.76174915418393,22.075125080505355,22.882746060256203,42.27269126380585,29.066945835849022,32.72009767406507,31.72479929234727,33.17547010581401,21.861608922478478,26.69919886641043,34.947204507351316,36.23014216466945,38.184570536521804,47.72684543714662,48.99479518029552,49.89977384050664,30.49437301529363,32.47997910643206,21.87128664202998,17.328300471714286,25.851291472120007,37.5986849042035,36.79554935987075,29.792501375127756,20.880237929486036,15.499026759475335,0,18.596608104412965,20.01121102503374,18.460278736451503,25.36202348780424,30.018577474366662,18.536680201176303,21.160135188157785,28.155173489286167
65.6361144384,0,0,0,66.66771920522221,57.79036494764902,65.01205751328266,56.011195070073484,53.4881607187881,55.36707522289649,64.67056771140984,54.72849897904546,26.4050923190642,20.398371859095434,25.397343716559426,61.05560299672962,59.22734987405928,67.29133364454742,71.35330419322467,54.23397048480333,0,0,76.88622080195454,42.115668253475754,60.84329468862857,39.75992620039999,0,0,67.24415670121428,68.90206842951666,64.75339347975714,57.68213777542001,51.93057497890645,50.60261495578236,20.68912608785808,23.574414145088138,48.62813638096055,38.96294538677151,16.601554059197007,29.191710870919014,28.116878975643047,39.893644263163196,0,0,51.386459660540005,45.42498975955979,37.66775324959548,48.44848819687004,47.2887936596492,36.075338346834236,39.16402128243843,48.6070592199365,55.1586849567536,34.4434133074964,21.402530886836278,20.908804766237875,41.64328243915439,36.686790695533176,42.01070346844201,42.030414645617775,38.19841739099764,48.66214837735373,50.49232427400361,50.35433259638344,25.68350071257802,33.94453186385207,20.00606684871381,0,50.0291644732,40.26991598682351,39.070600822770366,32.89187394296062,22.136118750675355,16.082973747362352,18.596608104412965,0,18.026162453512686,16.631591990078853,15.089487835785782,15.800271678559032,15.275156879851409,15.3871523481672,14.645977539048394
52.24788870358948,0,0,36.70354048410001,57.56649323490315,54.919062997111915,59.48271557237255,52.96447564868196,53.573522049763476,59.41075327187084,70.00367040383291,23.773332932390474,19.73373932932534,22.999276899814483,39.543085803533245,66.2217647736434,66.00285964053757,74.04156032572183,77.93585384288272,69.09455350199079,0,0,79.67482805249999,45.9523715973,0,0,0,0,0,0,70.21349582672,65.38317060469998,57.1382136345,53.920762739849444,23.690644614202263,24.78766742209259,51.75247631205634,42.87870101141407,15.516374928116791,44.92188643888443,30.9399991035,17.17611556159602,38.92910693536666,60.93729327516667,26.460645507926355,23.56722526624083,26.29885471908844,29.691676815139452,30.832599225863998,27.4272404373562,34.58424601960855,37.46548761413064,22.4514743205533,17.373983815441072,17.708439651377915,29.31116014611651,39.08650046946091,34.38999246591184,37.6245600531781,43.73035067135271,39.241343728697835,50.86851959669243,53.22008447482551,55.17198289659834,35.47993529487761,41.5118049771259,31.14838372182557,0,0,46.81547590598408,46.18941649094989,38.883575701713085,25.299826735108205,19.80298127152008,20.01121102503374,18.026162453512686,0,18.51928959213957,18.509314816653063,16.350815691336216,25.28403196505698,31.371779402072516,37.24636844432611
56.4833345413,0,0,0,88.9741471972,79.9719137085889,76.56544611929999,73.5627942231357,74.87340357266064,80.45248081207599,88.298435688,40.333552694846155,42.473874367347925,43.676591472259446,56.09658640623214,83.39453487397999,86.61345666248667,93.41070783137499,94.75692987437502,85.94536124337777,0,0,0,0,0,0,0,0,0,0,0,0,0,81.95560063255833,45.09355222591421,49.19966711184126,80.06512725244053,78.95218736471817,26.684635509145455,58.13747036212857,0,15.651392879106657,40.79375900336667,56.71474559040001,28.512703341658913,24.571733161789272,20.523012775715426,31.013368412309557,43.84859699551297,26.452047557622837,33.30808865953891,54.800111815448595,33.87136638966,31.329578119723127,37.943641609934495,50.84754652659155,37.757452135420955,41.318302342381294,49.39749688799464,55.91183480477288,57.59274695842463,63.48112444554406,64.51559572970133,63.05972396116514,43.033841046154556,39.008639350120085,26.22585924495741,20.75120712816667,27.8052801534,47.8416490734992,45.92033155567715,45.941540981078546,32.0255956448667,22.168345248058447,18.460278736451503,16.631591990078853,18.51928959213957,0,15.670863479155932,18.07229967911769,20.199567074004097,14.900806987081399,22.11701926091411
0,0,0,0,0,0,0,0,0,85.3470849991,0,0,39.16332853634667,37.67605215808333,57.09644525437001,0,90.5300579071,90.00313345589998,0,95.7549962998,0,0,0,0,0,0,0,0,0,0,0,0,0,66.9249978065,34.91261509714986,39.227700946002685,57.00454650858126,40.42955186172765,16.744015508244736,42.028548669397225,42.045582417154165,25.708797824737285,0,0,46.69245078469999,35.10335804999628,32.43131478618923,41.89980020617684,49.952914332173144,35.75459823122469,44.39454144010925,59.61187618897007,43.89726098220432,37.04208563028701,44.177413169173434,55.10817351600484,48.896469849359086,48.611543599588074,56.12267575663727,61.22209118625886,61.052373376587845,66.24610219282353,69.9066990330238,68.10903712193985,49.25089196998281,47.7643683137848,28.82372138347766,0,0,57.57132477042218,54.579809972453205,52.090821719812475,38.17789092880858,28.79636524241181,25.36202348780424,15.089487835785782,18.509314816653063,15.670863479155932,0,14.091598585905713,21.847005226608395,12.970401837097626,18.729435612483446
34.3441905976,0,0,0,45.4808306694,45.2147908211,50.050783514975,40.49969329834,54.19021153451667,54.84271001815,0,16.30272538345102,19.501806835913975,30.78750869122167,59.48469177883334,0,0,0,0,0,0,0,0,0,0,0,0,0,0,0,0,0,0,41.2029137611,16.87050846481357,15.420439596289222,28.280232692149998,14.783807622131247,12.036986585943055,38.74053840939999,19.402730483266666,16.27846852742157,0,0,17.01319319841667,32.615129821619995,40.468623604099996,44.94943184519081,49.8118259118806,44.09140017717227,55.93498129665283,76.25817185641249,15.822530616836586,21.239295975434505,39.24392549018441,71.80687843860001,58.9180783125,64.28853562143333,69.800641526775,76.97972369193748,77.02590955586153,0,0,0,0,0,0,0,0,0,0,0,47.9416656494,44.1444661617,30.018577474366662,15.800271678559032,16.350815691336216,18.07229967911769,14.091598585905713,0,23.882305522494335,14.414559284763238,29.08383847726945
0,0,0,0,0,74.1900033951,100.17991765343334,80.9122171402,79.65785530637143,69.92839352286666,0,0,52.40804974017027,30.73919385126983,22.11444050494795,0,56.35598227678749,58.23779407414545,62.258049488066675,40.94135257271744,0,0,58.87718582155001,38.351724863056,45.770188689225,35.35291850565,0,0,0,0,55.93276834487778,57.65325713159999,0,51.66218497671837,32.06963698902634,45.087928551002015,54.624385949732435,44.60150485221477,55.09545630085,26.86312523316493,41.01907745567838,118.157747465,0,0,0,91.92747060374,72.89856356236977,80.41755124020455,68.31256261805999,64.99650140678229,60.488936937576405,52.67969991631166,107.92385476428332,58.596785674146254,28.072295758646675,17.800509246572368,56.715836217047325,38.62045500447643,41.0988820254317,36.454758177938004,28.006062629143326,42.301365288955715,41.395096826005265,38.70133796338638,17.332441421481956,21.964500708604533,12.89175903693089,16.433673975792306,28.08472026268,26.222583731585182,28.45354055787017,24.37466608248063,19.587139174599145,16.342668517365563,18.536680201176303,15.275156879851409,25.28403196505698,20.199567074004097,21.847005226608395,23.882305522494335,0,15.022586223170427,14.94163315813212
0,0,0,0,0,0,0,0,0,0,0,0,0,0,0,0,0,0,0,0,0,0,0,0,0,0,0,0,0,0,0,0,0,0,29.46510762446974,27.3970487118,53.458788394950005,42.1705677409875,18.54954250653333,39.84700923351621,40.60505383154118,20.631689126633336,0,0,16.2193491361,0,53.26680217015001,57.34273176192999,62.964269750252946,50.7218065035125,56.00900395571143,68.11418485639999,0,50.859321355800006,53.62335984803158,58.97750299855264,56.35354020449524,57.61807641463171,65.0008520158875,65.99814342626124,65.86512732800246,0,0,62.27681102311,48.940026648828564,16.830174108745997,23.86678826758235,12.955045242938462,16.88555634111,20.949739707778573,26.491925113449994,49.92340984146924,27.367866850886553,34.18103404076137,21.160135188157785,15.3871523481672,31.371779402072516,14.900806987081399,12.970401837097626,14.414559284763238,15.022586223170427,0,19.367387908439884
0,0,0,0,0,66.4566683769,64.7429151535,70.0530761083,64.84044057982143,63.11050910535218,50.659626165999995,0,49.71277154575756,27.80450021834307,20.124705386733023,59.1671817303,46.631908758098405,59.20494746806708,58.051632164058915,43.082222796601364,0,0,60.70176283518333,27.186125958170177,40.66192138989333,16.42462112199799,0,0,47.11273958133846,37.232715928233745,38.12341238007044,32.6180869032809,31.40748150712029,27.87823422557662,15.027624033190271,39.095122004849,22.158348584358492,18.70828257800283,34.92088130041539,14.812915392069085,18.992429075395215,0,0,0,0,0,55.3979129791,74.49103752773333,0,69.29131836361111,56.880625009499994,39.0158057213,0,51.49063321315757,27.256385077995024,19.360514676169174,59.65122814178,48.47760461460727,49.439541748590486,53.70302434974798,37.43764287490032,40.26619923113749,52.401174408844454,55.837483068895956,25.507285727636717,38.93170454545925,14.939073638175893,0,0,47.42362788398868,41.94113130827567,42.13745153980546,34.29864150483394,30.147269546488136,28.155173489286167,14.645977539048394,37.24636844432611,22.11701926091411,18.729435612483446,29.08383847726945,14.94163315813212,19.367387908439884,0
