0,1.7270889695031972,0.05098245028458998,12.054776983346216,32.24371036381842,9.249222098763262,80.77584586466166,17.71955864398145,8.755651175251213,3.912318398215164,0.20369593668751318,7.592292464514089,8.218113734979974,1.1232509574169067,0.13482285591314735,0.55145237509662,1.7041702533202165,0.9900651526596868,0.20334514001124304,0.20182502108073924,0,0,0,0,0,0,0,0,0,0,0.003975695664394631,0,0,43.72505171368843,1.8892739661654134,56.96096110603612,122.22083611481976,1.1400891978778722,2.402723367999438,0.011927086993183894,0.049813128030356264,0,0,0,0,0,0,0.015318121530461668,0,0,0,0,0.056010535977794956,0.10032784941325276,0.01835835939146933,0,0,0,0,0,0,0,0,0,0,0,0,0,0,0,0,0,0,0,0,0.006080475722015319,0.2200664482467852,0.0016370511559272013,0,0.010173103611833323,0,0,0
1.7270889695031972,0,0,0.01566891820673178,4.3663662295341155,0.4294920639800436,4.41196979744923,0.09904159493359568,0.32822875676340385,0.03905536329140608,0.004443424566088118,0.027829869650762423,0.005261950144051719,0,0,0.0070159335254022905,0.01239481589487738,0.03566432875412831,0.0035079667627011452,0,0,0,0,0,0,0,0,0,0,0,0,0,0,0.23012261963319514,0,0.26871025402290777,0.2618112527229289,0,0,0,0,0,0,0,0,0,0,0,0,0,0,0,0,0,0,0,0,0,0,0,0,0,0,0,0,0,0,0,0,0,0,0,0,0,0,0,0,0,0,0,0,0,0
0.05098245028458998,0,0,0.4303105895580072,0.011927086993183894,0,0.13365353365891366,0.1876762218045113,0,0,0,0.011459358091490408,0,0,0,0,0,0,0,0,0,0,0,0,0,0,0,0,0,0,0,0,0,0,0,0.03964002441852295,0.02163246170332373,0,0,0,0,0,0,0,0,0,0,0,0,0,0,0,0,0,0,0,0,0,0,0,0,0,0,0,0,0,0,0,0,0,0,0,0,0,0,0,0,0,0,0,0,0,0
12.054776983346216,0.01566891820673178,0.4303105895580072,0,2.6638330273698263,0.5539079518305109,20.25839112237369,6.8570226310519296,0.4106659756868808,0.11634756429625466,0.028063734101609162,2.1057155154240745,1.30613295797906,0.49930060255779635,0.24813018234839437,0.025023496240601503,0.016721308235542128,0.030636243060923336,0,0.05180097586255358,0,0,0,0,0,0,0,0,0,0,0,0,0,4.318891746012227,0.014733460403344811,9.839846769376713,14.348285652800225,0.011225493640643664,0.8844753531023822,0.015318121530461668,0,0,0,0,0,0,0,0,0,0,0,0,0.019878478321973158,0.011459358091490408,0,0,0,0,0,0,0,0,0,0,0,0,0,0,0,0,0,0,0,0,0,0,0.02163246170332373,0,0,0,0,0,0
32.24371036381842,4.3663662295341155,0.011927086993183894,2.6638330273698263,0,314.6305913366945,506.7703500500667,80.69516262911954,59.31258509152555,83.1825449283255,1.492522925303914,12.862077067669174,34.89620096532218,12.647155637341017,0.017539833813505726,16.826664170648584,15.294968949827842,4.474528538050735,3.9221407051507278,0.7630997031129225,0,0,0,0.06174021502354017,0,0,0,0,0,0,0.05308723034221067,0,0,51.94562102540229,6.026102237193451,108.29759910143349,78.28741117542688,2.4797817045534396,0.06805455519640222,0.04197866892699037,0.0016370511559272013,0,0,0,0,0,0,0.041861736701567,0.04361572008291758,0.02701134407279882,0,0,0.03765217658632562,0.7696479077366314,0.19796625764176798,0.00689900129997892,0,0,0,0,0,0,0,0,0,0,0,0,0,0,0,0,0,0,0,0.036248989881245176,0.7022949458927693,0.00619740794743869,0,0.0018709156067739444,0,0,0
9.249222098763262,0.4294920639800436,0,0.5539079518305109,314.6305913366945,0,1145.1046548907316,189.81795244536576,356.2423269403064,1761.5277316026634,49.206483644859816,23.66965493464971,130.4382482564472,194.09907508256623,2.5726258915395968,544.4898795982363,408.72583620265624,115.36007165255428,99.89286153467782,17.715816812767905,0,0,0.06092168944557656,0.31068892294989814,0.028063734101609162,0,0,0,0.00841912023048275,0.01005617138640995,1.8195823598130842,0.10664218958611482,0.04232946560326049,566.9151417899304,125.15606883739723,662.2698636559272,865.0644867498771,55.58911223736913,0.07097786083198651,1.513921522556391,0.036950583233785396,0,0,0,0,0,0.011459358091490408,0.16557603119949407,0.1699025235401588,0.34003891153116433,0.03379341314735437,0,0.03788604103717237,3.4024938953692643,2.5625697201531867,0.08629598236244819,0,0,0.016604376010118754,0,0,0,0,0,0,0,0,0,0,0,0,0,0,0,0.016019714883001898,2.184878632035697,3.5912225072025863,0.035196599852434826,0,0.00619740794743869,0.0015201189305038298,0,0.0023386445084674305
80.77584586466166,4.41196979744923,0.13365353365891366,20.25839112237369,506.7703500500667,1145.1046548907316,0,3376.865508726548,1700.9577742911601,547.4141206916239,27.289642769306443,98.35099321024525,916.9377267277423,523.7866782903521,0.9768518111868457,102.20203912233856,86.96062513175461,44.271359070866424,21.615974259539037,8.561192884372145,0.0030402378610076596,0.01075776473895018,0.08302188005059377,0.22591305951795376,0.06407885953200759,0,0,0,0,0,0.8768747584498631,0.002806373410160916,0.01239481589487738,576.7110220425479,93.52426480921932,1715.9929198360971,756.3475686880754,46.48628928483592,0.445044049961352,0.5526216973508538,0.011108561415220293,0,0,0,0.005729679045745204,0,0.01461652817792144,1.3455391179467362,1.297713837748577,1.297363041072307,0.0586999771625325,0,0.6696708549996486,15.562042152694822,7.098370744325768,0.038353769938865856,0,0,0.003391034537277774,0,0,0,0,0,0,0,0,0,0,0,0,0,0,0,0.0385876343897126,2.918628346567353,14.486382611025228,0.1474515362588715,0,0.045486635689691524,0.0071328657508256624,0,0.0036248989881245168
17.71955864398145,0.09904159493359568,0.1876762218045113,6.8570226310519296,80.69516262911954,189.81795244536576,3376.865508726548,0,3345.7127760259295,3340.8517864828545,1129.2197628636427,46.057849610884695,971.047178584604,888.7216299364065,2.1685081204764245,141.79166575170402,150.3589391117982,85.62771469415361,17.912146019253743,13.625176770782096,0,0,0.01707210491181224,0.07156252195910337,0.023737241760944418,0.0072497979762490335,0,0,0.005145017918628347,0.00537888236947509,0.7346851723350432,0.14686687513175464,0.23538456977724687,498.4386951242007,138.95629314963813,1925.5162909098096,478.9018927649147,43.64752564823274,0.2053329878434404,0.8499803466024877,0.03402727759820111,0,0,0,0.004794221242358232,0.002689441184737545,0.01075776473895018,0.4282058095003865,0.574371091279601,0.9155793250649991,0.08652984681329493,0,0.18779315402993466,7.5715954606141525,5.722663112219802,0.08302188005059379,0.004209560115241375,0,0.0209308683507835,0,0,0,0,0,0,0,0,0,0,0,0,0,0,0,0.040341617771063175,4.181145584463495,8.93315429344389,0.06255874060150375,0,0.02315258063382756,0.008302188005059377,0,0.008652984681329492
8.755651175251213,0.32822875676340385,0,0.4106659756868808,59.31258509152555,356.2423269403064,1700.9577742911601,3345.7127760259295,0,3912.902123884478,750.256335201321,25.90598374587169,1010.4220007158668,3239.0490709103365,11.377505533694048,941.8638184245661,682.3270144183473,928.9493557199072,80.14452877960088,101.38339661214954,0,0.039756956643946316,0.23082421298573538,0.25643237035345373,0.15937862325205537,0,0,0,0.011225493640643664,0.009822306935563208,0.7647367542688497,0.08559438900990796,0.08711450794041178,901.0573950574451,416.99668637130213,2757.0955978585484,1391.7207987843442,151.07596751809433,0.27315367858899586,2.2215953508186357,0.2457915378399269,0,0,0,0,0,0.04396651675918769,0.9493727382123534,1.2124702454149392,2.427045270887499,0.3214466876888483,0.0017539833813505726,0.16218499666221628,16.849232090155297,16.913778678588997,0.32320067107019884,0.005612746820321832,0.009120713583022978,0.10570673178272785,0,0.0030402378610076596,0,0,0,0,0,0,0,0,0,0,0,0,0,0.22018338047220856,15.198265999402713,20.063348170367508,0.27900028986016445,0,0.022217122830440587,0.04840994132527581,0,0.06010316386761296
3.912318398215164,0.03905536329140608,0,0.11634756429625466,83.1825449283255,1761.5277316026634,547.4141206916239,3340.8517864828545,3912.902123884478,0,3533.4814912207503,10.40509714707329,222.00389828982506,876.7028680784907,17.83169664816246,3804.669071371478,2373.4068220346426,1002.5086123603401,447.439757395826,135.9048297949898,0.002806373410160916,0.027128276298222193,0.3078825495397372,0.7439228181434896,0.08465893120652097,0.012628680345724124,0,0,0.052034840313400325,0.18568837397231397,5.039428119071043,0.8520851266601083,0.655288191272574,2928.897919265161,424.37908549118123,1178.3331684570655,2022.9900585649289,171.0752368289298,0.12266190446911672,4.954067594511981,0.613426454571007,0,0,0,0,0.004209560115241375,0.03730137991005551,0.09681988265055162,0.12897624464197877,0.5978744685896986,0.3526675918768885,0.010406968062680065,0.09717067932682173,4.201374859461739,6.3058041204061555,0.4901798889747734,0.019644613871126416,0.020346207223666646,0.16697921790457454,0.00853605245590612,0.012044019218607266,0,0,0,0,0,0,0,0,0,0,0,0,0,0.19106725634178906,8.404971431206521,7.246173077260909,0.14885472296395194,0.003157170086431031,0.00537888236947509,0.01169322254233715,0,0.09588442484716464
0.20369593668751318,0.004443424566088118,0,0.028063734101609162,1.492522925303914,49.206483644859816,27.289642769306443,1129.2197628636427,750.256335201321,3533.4814912207503,0,0.33723253812100346,14.776725326751459,121.35986413902747,29.051811406436652,1786.8718560053755,938.5760350423371,1626.9809526737406,89.37387240004216,122.8249079913569,0.005729679045745204,0.016019714883001898,0.24345289333145947,0.4935709235120511,0.06594977513878154,0.031103971962616824,0,0,0.0627926050523505,0.25912181153819125,4.582340049891084,0.8525528555618018,1.1694391864591385,536.0664328754129,152.66273781708946,325.2128408052842,396.5847632369475,59.805454421685056,0.02934998858126625,3.2894204333848642,0.1552859953622374,0,0,0,0,0,0,0,0.0018709156067739444,0.0036248989881245168,0.155169063136814,0.043498787857494205,0,0.14254038279108988,0.404117771063172,0.1375122970978849,0.008886849132176236,0,0.04139400779987352,0,0.008302188005059377,0,0,0,0,0,0,0,0,0,0,0,0,0,0.008302188005059377,0.9491388737615066,0.43124604736139416,0.008886849132176236,0,0,0,0,0.01239481589487738
7.592292464514089,0.027829869650762423,0.011459358091490408,2.1057155154240745,12.862077067669174,23.66965493464971,98.35099321024525,46.057849610884695,25.90598374587169,10.40509714707329,0.33723253812100346,0,71.72108205677746,8.352702726442274,2.423771168575645,1.775498910828473,1.1493268436863187,0.53063843897126,0.2138690402993465,0.42808887727496314,0,0,0,0,0,0,0,0,0,0,0,0,0,36.64854729551683,1.556134055934228,200.73825297765444,43.31099470346427,0.5671212933033518,4.270481804686951,0.24368675778230625,0,0.017189037137235613,0,0,0.01637051155927201,0.03320875202023751,0.010523900288103438,0.5663027677253882,0.36634866225142293,0.19539374868245382,0.01566891820673178,0,4.349995717974844,9.303595583585132,0.7850829614925163,0.005846611271168575,0,0,0,0,0,0,0,0,0,0,0,0,0,0,0,0,0,0,0.054373484821867754,0.22275588943152275,13.668909423090437,0.1318995502775631,0,0.7407656480570586,0,0,0
8.218113734979974,0.005261950144051719,0,1.30613295797906,34.89620096532218,130.4382482564472,916.9377267277423,971.047178584604,1010.4220007158668,222.00389828982506,14.776725326751459,71.72108205677746,0,314.68578334709434,6.823229217904575,27.058233895193595,20.410169150973225,26.347753693521184,3.8274256025577964,5.608186463530322,0,0,0,0.11845234435387535,0,0.20556685229428714,0,0,0.002455576733890802,0.002221712283044059,0.07249797976249035,0.0016370511559272013,0.009471510259293093,148.72855309272012,133.2461417855386,2362.1798082750684,165.46669956872321,14.284206793268218,4.994409212283044,1.8861167960789824,0.002806373410160916,0.07226411531164359,0,0,0.15587065648935422,0.36038511875483104,0.8276462915466235,14.709489297133022,15.75895602030778,21.152221053509948,3.1129697052209964,0.18744235735366452,10.193215954606142,63.00612329597358,51.09821318775912,0.973460776649568,0.2090748190569883,0.11985553105895581,0.6426595109268498,0.0010523900288103437,0.04361572008291758,0,0,0,0.016721308235542128,0,0,0,0,0,0,0,0,0,3.081631868807533,55.54011763491673,168.99454480974634,4.055794238809641,0.05121631473543673,2.1860479542899305,0.4408344898461106,0,0.5402268814559764
1.1232509574169067,0,0,0.49930060255779635,12.647155637341017,194.09907508256623,523.7866782903521,888.7216299364065,3239.0490709103365,876.7028680784907,121.35986413902747,8.352702726442274,314.68578334709434,0,1733.4713642312558,338.02814498278406,708.7029487781956,1235.808397490514,227.2856099799733,498.73745696015743,0.14195572166397302,0.3141968897125993,4.181496381139765,32.36789238721805,1.3124472981519217,7.374915457452041,0,0,1.4403711527650902,3.0871276834024317,19.07749257782306,5.357483772222613,6.266281028213056,1021.6221200635936,3141.9128865900148,4958.499442787753,694.6239580405453,96.69090640590964,4.863795916485138,953.5420736420491,0.38084825820392104,0.009471510259293093,0,0,0,0.09179179695734664,0.7853168259433632,6.0214249481765165,8.254128860410372,19.5774947737334,3.88963354648303,0.225679195067107,0.3517321340735015,51.231983653643454,81.03449994729816,206.31533546922213,0.32542238335324297,0.41931896036821026,2.817832768252407,0.2349168408755534,1.3838928878856018,0,0,0.002806373410160916,0.687093756587731,0,0.10091251054036962,0,0,0,0,0,0.002806373410160916,0,3.548308380472209,570.5506816105684,137.68523985928607,4.32801245959525,0.2349168408755534,1.3337289631789755,58.48540652888062,0,125.52183283852155
0.13482285591314735,0,0,0.24813018234839437,0.017539833813505726,2.5726258915395968,0.9768518111868457,2.1685081204764245,11.377505533694048,17.83169664816246,29.051811406436652,2.423771168575645,6.823229217904575,1733.4713642312558,0,34.511727808130146,246.57919331037877,1142.653287716956,714.542076386937,2474.928198672792,3.0646766961211442,3.574501198967044,52.585240298468136,142.6850279539386,14.61722977127398,37.83505858688778,0,0,13.716851635514018,19.75651801085658,60.23903911355492,25.670365311643597,23.186490979200336,225.65966738546132,1719.6139600607828,243.99089850063245,111.04983289122339,40.36745979288174,0.3435468782938655,1285.3957293935773,0.5210499964865435,0,0,0,0,0,0.0029233056355842876,0.015318121530461668,0.04618822904223175,0.16078180995713584,0.16230192888763964,0.03928922774225283,0,0.5263119466305952,253.52122566931345,542.6428181654487,0.0505147213828965,0.927506412058183,9.169357388799101,5.864384969432928,19.96875,0.023269512859250933,0.019761546096549787,0.4851518032815684,1.4822328894666572,0.01952768164570304,0.061974079474386906,0,0,0.05530894262525473,0.009354578033869722,0.09927545938444242,0.3067132272855035,0.009237645808446349,1.2433403529267093,128.10287785029163,6.697994804476144,0.42130680820040756,0.03999082109479306,0.03414420982362448,24.600786245696018,0,99.92571949002179
0.55145237509662,0.0070159335254022905,0,0.025023496240601503,16.826664170648584,544.4898795982363,102.20203912233856,141.79166575170402,941.8638184245661,3804.669071371478,1786.8718560053755,1.775498910828473,27.058233895193595,338.02814498278406,34.511727808130146,0,4659.5292336053335,860.3072160907526,924.7299732977303,405.3341000720259,0.025608157367718366,0.038353769938865856,0.3575787453446701,0.5252595566017849,0.07284877643876046,0.009705374710139837,0,0,0.0562444004286417,0.23164273856369896,8.747465919471576,0.9416552113344108,0.48749044779003586,1111.8015385645772,191.3231040510154,319.7780648320568,764.6944248032465,78.20789726213899,0.030753175286346707,3.771531998805425,0.4403667609444171,0,0,0,0,0,0.002689441184737545,0.0021047800576206874,0.007717526877942521,0.058933841613379244,0.02689441184737545,0.012511748120300752,0.0021047800576206874,0.41195223016653787,1.148742182559202,0.13856468712669523,0,0.004794221242358232,0.032039429766003796,0.004560356791511489,0,0,0,0,0,0,0,0,0,0,0,0,0,0,0.028999191904996134,2.294444127257396,1.2883592597147073,0.018007562715199214,0,0,0,0,0.01637051155927201
1.7041702533202165,0.01239481589487738,0,0.016721308235542128,15.294968949827842,408.72583620265624,86.96062513175461,150.3589391117982,682.3270144183473,2373.4068220346426,938.5760350423371,1.1493268436863187,20.410169150973225,708.7029487781956,246.57919331037877,4659.5292336053335,0,1607.7488756939078,6482.353188571604,1476.4680138210597,2.0818613414377065,8.710632268463215,49.84809076575785,67.82221086448598,21.202034181540302,3.2376194575223107,0,0,17.414482467851872,35.89597149269201,339.34632195998176,102.36925220469399,12.35774837941817,2812.1325561274684,781.2087629997892,679.0501057330827,1762.6038588732347,268.53123078578454,0.05156711141170684,116.9652003109409,3.1756453780479235,0,0,0,0,0,0.013213341472840982,0,0.018241427166045956,0.09670295042512825,0.06302646950319725,0.0029233056355842876,0,0.4463303044410091,1.5879396212493853,1.6492121073712318,0.007600594652519149,0.07869538770992904,0.34869189621249386,0.04934539912866279,0.09214259363361677,0,0,0,0,0,0,0,0,0,0,0,0.0025725089593141735,0,0.13341966920806692,6.255640195699529,1.9786101863888694,0.07483662427095777,0.004092627889818003,0,0.042680262279530604,0,0.6304985594828192
0.9900651526596868,0.03566432875412831,0,0.030636243060923336,4.474528538050735,115.36007165255428,44.271359070866424,85.62771469415361,928.9493557199072,1002.5086123603401,1626.9809526737406,0.53063843897126,26.347753693521184,1235.808397490514,1142.653287716956,860.3072160907526,1607.7488756939078,0,2146.664596106212,10070.95302289017,731.4538672176939,1378.0223055082215,556.9160333295272,305.71895257272854,75.25138287453447,8.401346532218396,0.0032741023118544026,0,51.16556614960298,67.06788107827981,220.96378614468415,92.06366438145598,49.1624001958752,1706.751999925339,1158.4528192194857,1219.6681254831003,1678.2916317150937,376.16594110129296,0.09623522152343476,310.62648114152205,3.8571263878153332,0,0,0,0,0,0,0,0.009588442484716464,0.09190872918277,0.08302188005059377,0.027362140749068935,0.0015201189305038298,0.6875614854894245,2.4924103848991637,5.643266131157333,0.0016370511559272013,0.07998164218958612,0.9776703367648093,0.13610911039280443,0.4686643594968731,0.04560356791511489,0,0.006314340172862062,0.016721308235542128,0,0,0,0,0,0,0.0025725089593141735,0.011927086993183894,0,0.14756846848429486,8.009038915922986,2.6911951681188953,0.07074399638113978,0.003391034537277774,0,0.21094573466376224,0,1.363780545112782
0.20334514001124304,0.0035079667627011452,0,0,3.9221407051507278,99.89286153467782,21.615974259539037,17.912146019253743,80.14452877960088,447.439757395826,89.37387240004216,0.2138690402993465,3.8274256025577964,227.2856099799733,714.542076386937,924.7299732977303,6482.353188571604,2146.664596106212,0,5884.679141816281,279.4217136005903,1354.6708231589487,1442.1210435185512,1880.4551715884336,718.820860379629,78.7197096128171,0.08313881227601716,0.06127248612184667,352.4465899708383,540.1124048072869,2389.3891186055093,1056.1879874920946,269.14290325697425,1814.771884991392,1134.480426753215,501.34352546816814,780.9266055398426,209.26869268674022,0.029583853032112997,1674.6256895158458,4.187109127960087,0,0,0,0,0,0,0,0,0,0.002806373410160916,0,0,0.060337028318459704,0.6005639097744361,4.381801283290001,0,0.01777369826435247,0.2887056645703043,0.09869079825732557,0.26391603278054954,0,0,0.009471510259293093,0.014850392628768182,0,0,0,0,0,0,0,0.0018709156067739444,0,0.061974079474386906,5.2496722603822645,0.7754945190078,0.01707210491181224,0,0,0.2462592667416204,0,2.7075656796781677
0.20182502108073924,0,0,0.05180097586255358,0.7630997031129225,17.715816812767905,8.561192884372145,13.625176770782096,101.38339661214954,135.9048297949898,122.8249079913569,0.42808887727496314,5.608186463530322,498.73745696015743,2474.928198672792,405.3341000720259,1476.4680138210597,10070.95302289017,5884.679141816281,0,107.72615131578948,224.2585854604385,1462.6764424935002,375.33291592737686,118.70140999402713,38.50110454289931,0,0,180.85088780654908,268.8828459876326,593.7424345399129,203.3853646967887,101.11889591824186,680.2790634222824,1086.3577879058043,509.59671887077513,432.35994374077717,150.13711868017006,0.028063734101609165,1347.5904599773382,2.0057384626870918,0,0,0,0,0,0,0,0,0,0,0,0,0.03145476863888694,1.4135936731431382,18.685184961527654,0,0.02981771748295974,0.5834918048626239,0.2689441184737545,2.151552947790036,0,0,0.02701134407279882,0.079630845513316,0,0,0,0,0,0,0.00689900129997892,0.010406968062680065,0,0.11202107195558991,7.356790962511418,0.6579776324573116,0.025725089593141733,0.001403186705080458,0,1.21492582214883,0,3.627003768182138
0,0,0,0,0,0,0.0030402378610076596,0,0,0.002806373410160916,0.005729679045745204,0,0,0.14195572166397302,3.0646766961211442,0.025608157367718366,2.0818613414377065,731.4538672176939,279.4217136005903,107.72615131578948,0,414.22890059553094,817.4673413235191,57.265452621038584,30.571111811362517,0.2176108715128944,0,0,17.193714426252548,12.662824555547749,12.536070023188815,1.5666579562223317,0.303088328297379,1.1741164754760733,1.3711472753144545,0.226614652870494,0.2642668294568196,0.037184447684632145,0,5.720207535485911,0,0,0,0,0,0,0,0,0,0,0,0,0,0,0,0.0017539833813505726,0,0,0.08804996574379875,0.004092627889818003,0,0.07694140432857846,0.03882149884055935,0.0394061599676762,0.005612746820321832,0,0,0,0,0,0,0,0,0,0,0,0,0,0,0,0,0,0
0,0,0,0,0,0,0.01075776473895018,0,0.039756956643946316,0.027128276298222193,0.016019714883001898,0,0,0.3141968897125993,3.574501198967044,0.038353769938865856,8.710632268463215,1378.0223055082215,1354.6708231589487,224.2585854604385,414.22890059553094,0,5439.1053888737615,550.4950509670789,314.24471499279747,1.8168929186283467,0,0,116.34697963512755,83.93453607002319,70.91109253126977,6.756343984962407,1.5723876352680768,4.731311705080458,4.2045320295481705,0.6108539456116927,1.1807816123252055,0.27642778090085024,0,21.58814438988827,0.0011693222542337152,0,0,0,0,0,0,0,0,0,0,0,0,0,0,0.004443424566088118,0,0,0.004794221242358232,0,0.0036248989881245168,0.0677037585201321,0.009120713583022978,0,0.02981771748295974,0,0,0,0,0,0,0,0,0,0,0,0,0,0,0,0,0,0
0,0,0,0,0,0.06092168944557656,0.08302188005059377,0.01707210491181224,0.23082421298573538,0.3078825495397372,0.24345289333145947,0,0,4.181496381139765,52.585240298468136,0.3575787453446701,49.84809076575785,556.9160333295272,1442.1210435185512,1462.6764424935002,817.4673413235191,5439.1053888737615,0,8060.93285290475,4663.108061296641,52.926331600028114,0.005963543496591947,0.026777479621952077,589.6789227742254,429.8817990873797,854.1975073123815,79.74450363642751,20.545225871337223,46.96582834129717,52.34400911741972,8.565402444487388,13.216849439603681,3.1419688971259925,0,407.5578002029022,0.20065569882650552,0,0,0,0,0,0,0,0,0,0,0,0,0,0,0.14838699406225844,0,0,0.03601512543039843,0.0030402378610076596,0.022918716182980817,0.06688523294216851,0.02408803843721453,0.00537888236947509,0.14382663727074696,0,0,0,0,0,0,0,0,0,0.006080475722015319,0.13119795692502287,0.010290035837256692,0,0,0,0.052034840313400325,0,0.13248421140467992
0,0,0,0,0.06174021502354017,0.31068892294989814,0.22591305951795376,0.07156252195910337,0.25643237035345373,0.7439228181434896,0.4935709235120511,0,0.11845234435387535,32.36789238721805,142.6850279539386,0.5252595566017849,67.82221086448598,305.71895257272854,1880.4551715884336,375.33291592737686,57.265452621038584,550.4950509670789,8060.93285290475,0,1117.0020992902816,88.17169219046448,0,0,738.0060475370669,707.6493894271309,924.5565628074276,114.1463151526597,42.602619281849485,124.75323732081371,129.6302465787717,17.33917811467922,34.134387516688925,10.306289416590543,0,641.9862151728621,0.19223657859602278,0,0,0,0,0,0,0,0,0,0,0,0,0,2.6119151192818495,4.661386234277282,0,0,0.11845234435387535,0.07448582759468766,0.23585229867894034,0.018241427166045956,0.022918716182980817,0.06688523294216851,0.10886390186915888,0.0038587634389712607,0,0,0,0,0,0,0,0,0,1.0226892435528074,0.013213341472840982,0,0,0,0.2302395518586185,0,0.6867429599114608
0,0,0,0,0,0.028063734101609162,0.06407885953200759,0.023737241760944418,0.15937862325205537,0.08465893120652097,0.06594977513878154,0,0,1.3124472981519217,14.61722977127398,0.07284877643876046,21.202034181540302,75.25138287453447,718.820860379629,118.70140999402713,30.571111811362517,314.24471499279747,4663.108061296641,1117.0020992902816,0,67.82969452691307,0.47731734417820254,0.20416366558920668,1241.8570676472139,891.8947028054951,1255.8441496556813,100.11526662743306,19.900695444803596,38.42007051068091,27.92318156665027,4.848711659405524,8.296926054915327,1.6528370063593563,0,291.8540647398286,1.0209352601714567,0,0,0,0,0,0,0,0,0,0,0,0,0,0,0.03040237861007659,0,0,0,0,0,0,0,0,0,0,0,0,0,0,0,0,0,0,0,0.08559438900990796,0,0,0,0,0.024438835113484648,0,0.06992547080317617
0,0,0,0,0,0,0,0.0072497979762490335,0,0.012628680345724124,0.031103971962616824,0,0.20556685229428714,7.374915457452041,37.83505858688778,0.009705374710139837,3.2376194575223107,8.401346532218396,78.7197096128171,38.50110454289931,0.2176108715128944,1.8168929186283467,52.926331600028114,88.17169219046448,67.82969452691307,0,1.7013638799100554,0.051216314735436724,65.80431145035486,67.37424350888905,72.79428602171316,18.83076558217975,4.99183670332373,12.491752709753355,21.31370445681962,1.6537724641627436,4.485169370564261,2.055668522942871,0.017305969362658984,113.73939100818635,0.3628406954887218,0,0,0,0,0,0,0,0,0,0,0,0,0,0.3697396967887007,0.10290035837256693,0,0,0,0,0.006314340172862062,0,0,0,0,0,0,0,0,0,0,0,0,0,0,0.08384040562855738,0,0,0,0,0.005145017918628347,0,2.176225647354367
0,0,0,0,0,0,0,0,0,0,0,0,0,0,0,0,0,0.0032741023118544026,0.08313881227601716,0,0,0,0.005963543496591947,0,0.47731734417820254,1.7013638799100554,0,0.014148799276227952,0.2752584586466166,0.1272222612606282,0.0562444004286417,0.3617883054599115,0.005846611271168575,0.8417950908228515,0,0,0.05109938251001335,0,0,1.462003614468414,0.0972876115522451,0,0,0,0,0,0,0,0,0,0,0,0,0,0,0,0,0,0,0,0,0,0,0,0,0,0,0,0,0,0,0,0,0,0,0,0,0,0,0,0,0,0
0,0,0,0,0,0,0,0,0,0,0,0,0,0,0,0,0,0,0.06127248612184667,0,0,0,0.026777479621952077,0,0.20416366558920668,0.051216314735436724,0.014148799276227952,0,0.13493978813857072,0.3568771519921299,0.09284418698615698,0.984218541388518,0,1.835251278019816,0,0,0.0981061371302087,0,0,0.3416759626870916,0.7415841736350222,0,0,0,0,0,0,0,0,0,0,0,0,0,0,0,0,0,0,0,0,0,0,0,0,0,0,0,0,0,0,0,0,0,0,0,0,0,0,0,0,0,0
0,0,0,0,0,0.00841912023048275,0,0.005145017918628347,0.011225493640643664,0.052034840313400325,0.0627926050523505,0,0.002455576733890802,1.4403711527650902,13.716851635514018,0.0562444004286417,17.414482467851872,51.16556614960298,352.4465899708383,180.85088780654908,17.193714426252548,116.34697963512755,589.6789227742254,738.0060475370669,1241.8570676472139,65.80431145035486,0.2752584586466166,0.13493978813857072,0,595.4249723315298,913.2328460974281,70.83882841595812,12.909902347867334,39.03560174530954,33.99453657508256,5.785923446173847,12.374703552104561,2.401437113519781,0,261.48699966182977,2.8168973104490203,0,0,0,0,0,0,0,0,0,0,0,0,0,0,0.023269512859250933,0,0,0,0,0.004911153467781604,0,0,0,0,0,0,0,0,0,0,0,0,0,0,0.03566432875412832,0,0,0,0,0,0,0.1309640924741761
0,0,0,0,0,0.01005617138640995,0,0.00537888236947509,0.009822306935563208,0.18568837397231397,0.25912181153819125,0,0.002221712283044059,3.0871276834024317,19.75651801085658,0.23164273856369896,35.89597149269201,67.06788107827981,540.1124048072869,268.8828459876326,12.662824555547749,83.93453607002319,429.8817990873797,707.6493894271309,891.8947028054951,67.37424350888905,0.1272222612606282,0.3568771519921299,595.4249723315298,0,802.4666907850818,80.57600869141312,21.3351030540721,61.396083484119174,67.1178111385356,11.436556307532852,25.331144925690396,5.443545890134214,0,302.7026858179327,0.8517343299838381,0,0,0,0,0,0,0,0,0,0,0,0,0,0,0.02069700389993676,0,0,0,0,0,0,0,0,0,0,0,0,0,0,0,0,0,0,0,0.06127248612184667,0,0,0,0,0,0,0.62254716815403
0.003975695664394631,0,0,0,0.05308723034221067,1.8195823598130842,0.8768747584498631,0.7346851723350432,0.7647367542688497,5.039428119071043,4.582340049891084,0,0.07249797976249035,19.07749257782306,60.23903911355492,8.747465919471576,339.34632195998176,220.96378614468415,2389.3891186055093,593.7424345399129,12.536070023188815,70.91109253126977,854.1975073123815,924.5565628074276,1255.8441496556813,72.79428602171316,0.0562444004286417,0.09284418698615698,913.2328460974281,802.4666907850818,0,341.1199499552034,104.4005988247488,211.5796242577823,223.73309203938584,54.09506919313471,81.54970333251352,27.910552886304547,0,473.32293935774015,0.9468002292530392,0,0,0,0,0,0,0,0,0,0,0,0,0,0.006431272398285433,0.1708379813435458,0,0,0.0025725089593141735,0,0.002455576733890802,0,0,0,0,0,0,0,0,0,0,0,0,0,0,0.43756038753425625,0.024321902888061277,0,0,0,0.044083448984611064,0,1.4834022117208912
0,0,0,0,0,0.10664218958611482,0.002806373410160916,0.14686687513175464,0.08559438900990796,0.8520851266601083,0.8525528555618018,0,0.0016370511559272013,5.357483772222613,25.670365311643597,0.9416552113344108,102.36925220469399,92.06366438145598,1056.1879874920946,203.3853646967887,1.5666579562223317,6.756343984962407,79.74450363642751,114.1463151526597,100.11526662743306,18.83076558217975,0.3617883054599115,0.984218541388518,70.83882841595812,80.57600869141312,341.1199499552034,0,121.82969782077859,84.11274078156842,120.86442229990865,18.53352386515354,52.55097915641909,12.551154280268427,0,227.51269236174548,4.493588490794744,0,0,0,0,0,0,0,0,0,0,0,0,0,0,0.02993464970838311,0,0,0.006782069074555548,0.002221712283044059,0,0,0,0,0,0,0,0,0,0,0,0,0,0,0,0.22836863625184456,0.022801783957557446,0,0,0,0.01005617138640995,0,1.629684425725529
0,0,0,0,0,0.04232946560326049,0.01239481589487738,0.23538456977724687,0.08711450794041178,0.655288191272574,1.1694391864591385,0,0.009471510259293093,6.266281028213056,23.186490979200336,0.48749044779003586,12.35774837941817,49.1624001958752,269.14290325697425,101.11889591824186,0.303088328297379,1.5723876352680768,20.545225871337223,42.602619281849485,19.900695444803596,4.99183670332373,0.005846611271168575,0,12.909902347867334,21.3351030540721,104.4005988247488,121.82969782077859,0,19.22435945295482,72.25593005586397,17.069064673951235,29.54058810870635,12.495962269868597,0,107.06677049662709,0.8999104068582672,0,0,0,0,0,0,0,0,0,0,0,0,0,0,0.03683365100836203,0,0,0,0,0,0,0,0,0,0,0,0,0,0,0,0,0,0,0,0.20837322570444805,0.0032741023118544026,0,0,0,0,0,0.41125063681399765
43.72505171368843,0.23012261963319514,0,4.318891746012227,51.94562102540229,566.9151417899304,576.7110220425479,498.4386951242007,901.0573950574451,2928.897919265161,536.0664328754129,36.64854729551683,148.72855309272012,1021.6221200635936,225.65966738546132,1111.8015385645772,2812.1325561274684,1706.751999925339,1814.771884991392,680.2790634222824,1.1741164754760733,4.731311705080458,46.96582834129717,124.75323732081371,38.42007051068091,12.491752709753355,0.8417950908228515,1.835251278019816,39.03560174530954,61.396083484119174,211.5796242577823,84.11274078156842,19.22435945295482,0,1559.2071517505797,1978.8703605904366,3077.6973332864873,447.71209254883706,0.8497464821516408,625.5041502705362,71.04954028617104,0,0,0,0,0.004443424566088118,0.03426114204904785,0.16405591226899022,0.1749306092333638,0.47392630964092475,0.23889253653994802,0.014382663727074696,0.0747196920455344,3.8508120476424708,7.008099066298925,2.199962889115312,0.010290035837256694,0.06758682629470875,0.5721493789965569,0.18744235735366452,0.23012261963319514,0,0,0.0015201189305038298,0,0,0,0,0,0,0,0.005261950144051719,0.004911153467781604,0,0.3768725625395264,21.427011783254866,8.571599852434826,0.26204511717377554,0.0017539833813505726,0.0038587634389712607,0.34775643840910686,0,13.690074155892068
1.8892739661654134,0,0,0.014733460403344811,6.026102237193451,125.15606883739723,93.52426480921932,138.95629314963813,416.99668637130213,424.37908549118123,152.66273781708946,1.556134055934228,133.2461417855386,3141.9128865900148,1719.6139600607828,191.3231040510154,781.2087629997892,1158.4528192194857,1134.480426753215,1086.3577879058043,1.3711472753144545,4.2045320295481705,52.34400911741972,129.6302465787717,27.92318156665027,21.31370445681962,0,0,33.99453657508256,67.1178111385356,223.73309203938584,120.86442229990865,72.25593005586397,1559.2071517505797,0,1039.4307810633477,2013.2919336527652,1068.0672492050805,20.970976104103716,1370.191588236069,137.45500030742744,0.002221712283044059,0,0,0,0.05928463828964936,1.0976428000491885,4.4885604051015395,7.513363212353314,26.950773180029515,9.057687113519782,1.1703746442625256,0.11459358091490408,55.3778157060291,621.6173230974633,153.24950372426395,1.4331213547888413,3.525740460965498,15.358930877134423,6.811185198685967,9.818682036575083,0.003391034537277774,0,0.2138690402993465,0.35559089751247275,0.015435053755885043,0.04361572008291758,0,0,0.02233405505586396,0.03005158193380648,0.29408454693977937,0.8123281700161619,0.26567001616190006,14.144823580563559,2393.0045460833744,207.26657912304125,12.980997140924742,7.51394787348043,4.282759688356405,60.771782332583804,1.231880994835219,668.5719259451198
56.96096110603612,0.26871025402290777,0.03964002441852295,9.839846769376713,108.29759910143349,662.2698636559272,1715.9929198360971,1925.5162909098096,2757.0955978585484,1178.3331684570655,325.2128408052842,200.73825297765444,2362.1798082750684,4958.499442787753,243.99089850063245,319.7780648320568,679.0501057330827,1219.6681254831003,501.34352546816814,509.59671887077513,0.226614652870494,0.6108539456116927,8.565402444487388,17.33917811467922,4.848711659405524,1.6537724641627436,0,0,5.785923446173847,11.436556307532852,54.09506919313471,18.53352386515354,17.069064673951235,1978.8703605904366,1039.4307810633477,0,2501.525251870916,546.3050185334832,11.336696187021293,126.44559741936618,3.0526326769025367,0.1522457575012297,0,0,0.06185714724896354,0.9753316922563419,2.5754322649497574,27.160900389115312,30.1867555863959,48.831248133476215,11.714153410687935,1.2607632545147918,25.667792802684282,308.9140087001968,284.07175740900146,25.000577524418524,1.5532107502986439,1.690723047396529,9.104576935914555,1.1812493412268992,2.2321192511067394,0,0.004092627889818003,0.020463139449090013,0.012511748120300752,0,0,0,0,0,0.004443424566088118,0.02853146300330265,0.05402268814559764,0.014850392628768182,11.496776403625887,364.0940920130349,526.380936643595,15.246442076277143,1.6447686828051438,8.309671667486473,3.2398411698053544,0.010874696964373551,5.246281225844987
122.22083611481976,0.2618112527229289,0.02163246170332373,14.348285652800225,78.28741117542688,865.0644867498771,756.3475686880754,478.9018927649147,1391.7207987843442,2022.9900585649289,396.5847632369475,43.31099470346427,165.46669956872321,694.6239580405453,111.04983289122339,764.6944248032465,1762.6038588732347,1678.2916317150937,780.9266055398426,432.35994374077717,0.2642668294568196,1.1807816123252055,13.216849439603681,34.134387516688925,8.296926054915327,4.485169370564261,0.05109938251001335,0.0981061371302087,12.374703552104561,25.331144925690396,81.54970333251352,52.55097915641909,29.54058810870635,3077.6973332864873,2013.2919336527652,2501.525251870916,0,466.0118688953693,4.08105159950109,448.97425899005697,75.25711255358021,0.0074836624270957774,0,0,0,0.007717526877942521,0.008068323554212635,0.09892466270817231,0.08606211791160144,0.24263436775349587,0.09529976372004778,0.004794221242358232,0.3074148206380437,2.226506504286417,4.918870994659546,1.5119336747241936,0.00619740794743869,0.024438835113484648,0.4389635742393367,0.13727843264703818,0.15867702989951515,0,0,0.004560356791511489,0,0,0,0,0,0,0,0,0,0,0.1708379813435458,20.384093264703818,7.468461237790739,0.33220445242779845,0.07998164218958612,0.07694140432857846,0.31583394086852645,0.012745612571147496,27.449255257009348
1.1400891978778722,0,0,0.011225493640643664,2.4797817045534396,55.58911223736913,46.48628928483592,43.64752564823274,151.07596751809433,171.0752368289298,59.805454421685056,0.5671212933033518,14.284206793268218,96.69090640590964,40.36745979288174,78.20789726213899,268.53123078578454,376.16594110129296,209.26869268674022,150.13711868017006,0.037184447684632145,0.27642778090085024,3.1419688971259925,10.306289416590543,1.6528370063593563,2.055668522942871,0,0,2.401437113519781,5.443545890134214,27.910552886304547,12.551154280268427,12.495962269868597,447.71209254883706,1068.0672492050805,546.3050185334832,466.0118688953693,0,5.673434645316562,215.57917409616329,33.315745006499895,0,0,0,0,0,0,0,0,0.0201123427728199,0.004560356791511489,0,0,0.050865518059166615,0.6122571323167733,0.2811050699177851,0,0.003157170086431031,0.07822765880823554,0.015551985981308412,0.004794221242358232,0,0,0,0,0,0,0,0,0,0,0,0,0,0.02139859725247699,21.366791687161832,1.425403827910899,0.061974079474386906,3.2806505164781115,0.674815872918277,0.6385668830370318,0.3483410995362238,67.45375742217695
2.402723367999438,0,0,0.8844753531023822,0.06805455519640222,0.07097786083198651,0.445044049961352,0.2053329878434404,0.27315367858899586,0.12266190446911672,0.02934998858126625,4.270481804686951,4.994409212283044,4.863795916485138,0.3435468782938655,0.030753175286346707,0.05156711141170684,0.09623522152343476,0.029583853032112997,0.028063734101609165,0,0,0,0,0,0.017305969362658984,0,0,0,0,0,0,0,0.8497464821516408,20.970976104103716,11.336696187021293,4.08105159950109,5.673434645316562,0,4.112155571463706,0.93919963460052,0.0015201189305038298,0,0,0,0.0025725089593141735,0,0.16733001458084465,0.11880314103014546,0.09834000158105545,0.009588442484716464,0.002221712283044059,2.323092522486122,4.7292069250228375,3.2353977452392666,0.11400891978778722,0,0,0.005612746820321832,0,0,0,0,0,0,0,0,0,0,0,0,0,0,0,0.011108561415220293,13.64716002916169,6.556857608390135,0.1789063048977584,1.108868293689832,1.2667267980113837,0.10313422282341368,0.1376292293233083,2.1551778467781606
0.011927086993183894,0,0,0.015318121530461668,0.04197866892699037,1.513921522556391,0.5526216973508538,0.8499803466024877,2.2215953508186357,4.954067594511981,3.2894204333848642,0.24368675778230625,1.8861167960789824,953.5420736420491,1285.3957293935773,3.771531998805425,116.9652003109409,310.62648114152205,1674.6256895158458,1347.5904599773382,5.720207535485911,21.58814438988827,407.5578002029022,641.9862151728621,291.8540647398286,113.73939100818635,1.462003614468414,0.3416759626870916,261.48699966182977,302.7026858179327,473.32293935774015,227.51269236174548,107.06677049662709,625.5041502705362,1370.191588236069,126.44559741936618,448.97425899005697,215.57917409616329,4.112155571463706,0,46.58907271098307,0,0,0,0,0,0.004794221242358232,0.006548204623708805,0.0015201189305038298,0.09214259363361677,0.03005158193380648,0,0,0.3139630252617525,82.52632127924953,48.697711532042725,0,0.10442047730307076,0.8713789438549645,1.0209352601714567,2.373958040545289,0,0,0.0467728901693486,0.3564094230904364,0.009705374710139837,0.009705374710139837,0,0,0.00853605245590612,0.002455576733890802,0.024438835113484648,0.11517824204202094,0.04361572008291758,0.7566684307146371,111.88870467641065,3.286263263298433,0.18943020518586184,1.177741374464198,0.14546368842667418,21.410758203921016,0.7966592518094301,215.72896427693064
0.049813128030356264,0,0,0,0.0016370511559272013,0.036950583233785396,0.011108561415220293,0.03402727759820111,0.2457915378399269,0.613426454571007,0.1552859953622374,0,0.002806373410160916,0.38084825820392104,0.5210499964865435,0.4403667609444171,3.1756453780479235,3.8571263878153332,4.187109127960087,2.0057384626870918,0,0.0011693222542337152,0.20065569882650552,0.19223657859602278,1.0209352601714567,0.3628406954887218,0.0972876115522451,0.7415841736350222,2.8168973104490203,0.8517343299838381,0.9468002292530392,4.493588490794744,0.8999104068582672,71.04954028617104,137.45500030742744,3.0526326769025367,75.25711255358021,33.315745006499895,0.93919963460052,46.58907271098307,0,0,0,0,0,0,0,0,0,0,0,0,0,0,0,0,0,0,0,0,0,0,0,0,0,0,0,0,0,0,0,0,0,0,0,3.974292477689551,0.0030402378610076596,0,0.441886879874921,0.025608157367718362,0.48339781990021785,0.19574454535872393,21.968524919190497
0,0,0,0,0,0,0,0,0,0,0,0.017189037137235613,0.07226411531164359,0.009471510259293093,0,0,0,0,0,0,0,0,0,0,0,0,0,0,0,0,0,0,0,0,0.002221712283044059,0.1522457575012297,0.0074836624270957774,0,0.0015201189305038298,0,0,0,1.4738137692361746,0.04724061907104209,15.483112900534046,25.099151390450427,4.820063264176797,56.545968638008574,12.699892071006957,5.41910705502073,1.9525343001194577,0.2135182436230764,14.538768248014897,6.4185267857142865,0.6965652668470241,0.010991629189796922,0.3078825495397372,0.6481553255217483,1.0422169251985103,0.06045396054388307,0.9170994439955028,0,0,0,0,0,0,0,0,0,0,0,0.004326492340664746,0,9.747470311292249,1.2754967149181364,57.56994413604104,96.43564335781042,1.4819990250158106,4.355257668118896,0.02245098728128733,0.0993923916098658,0
0,0,0,0,0,0,0,0,0,0,0,0,0,0,0,0,0,0,0,0,0,0,0,0,0,0,0,0,0,0,0,0,0,0,0,0,0,0,0,0,0,1.4738137692361746,0,0,0.009471510259293093,2.509482489810976,0.04993006025577964,3.186052346110604,0.033442616471084256,0.014850392628768182,0.01461652817792144,0,0.010523900288103438,0,0,0,0.0019878478321973155,0.03274102311854402,0,0,0.0032741023118544026,0,0,0,0,0,0,0,0,0,0,0,0,0,0.006548204623708805,0,0.036950583233785396,0.03730137991005551,0,0,0,0,0
0,0,0,0,0,0,0,0,0,0,0,0,0,0,0,0,0,0,0,0,0,0,0,0,0,0,0,0,0,0,0,0,0,0,0,0,0,0,0,0,0,0.04724061907104209,0,0,0.4843332777036048,0.017890630489775843,0,0.19165191746890592,0.24088038437214532,0,0,0,0.026660547396528705,0,0,0,0,0,0,0,0,0,0,0,0,0,0,0,0,0,0,0,0,0,0.010523900288103438,0,0.010991629189796922,0.04735755129646546,0,0,0,0,0
0,0,0,0,0,0,0.005729679045745204,0.004794221242358232,0,0,0,0.01637051155927201,0.15587065648935422,0,0,0,0,0,0,0,0,0,0,0,0,0,0,0,0,0,0,0,0,0,0,0.06185714724896354,0,0,0,0,0,15.483112900534046,0.009471510259293093,0.4843332777036048,0,4.074620327102804,0.7212379664113555,19.27089847867332,14.551747725036892,0.8691572315719205,0.16604376010118754,0.17341049030285996,7.035227342597148,3.2643969371442623,0.5744880235050243,0.01297947702199424,0.025842021818565104,0.022801783957557446,0.1798417627011454,0,0.10781151184034854,0,0,0,0,0,0,0,0,0,0,0,0,0,3.9993159739301527,0.1610156744079826,17.299070361359007,23.236654903906963,0.06372806285573748,2.242526219169419,0,0.020346207223666646,0
0,0,0,0,0,0,0,0.002689441184737545,0,0.004209560115241375,0,0.03320875202023751,0.36038511875483104,0.09179179695734664,0,0,0,0,0,0,0,0,0,0,0,0,0,0,0,0,0,0,0,0.004443424566088118,0.05928463828964936,0.9753316922563419,0.007717526877942521,0,0.0025725089593141735,0,0,25.099151390450427,2.509482489810976,0.017890630489775843,4.074620327102804,0,241.44341303755886,430.64267707820954,96.96066904996137,62.92123050031622,42.71043079368984,0.8769916906752864,28.75445275718502,44.44675740900148,6.512891091630947,0.04057548222190991,7.478751273627996,7.403563852680767,3.697046171210737,1.4110211641838242,0.8297510716042443,0,0,0,0.03320875202023751,0,0,0,0,0,0,0.01309640924741761,0.008185255779636006,0,37.330262169735086,5.520019565561099,102.81979206925023,49.507584125324996,2.2460341859321202,0.05109938251001335,0.20872402238071816,0,0
0,0,0,0,0,0.011459358091490408,0.01461652817792144,0.01075776473895018,0.04396651675918769,0.03730137991005551,0,0.010523900288103438,0.8276462915466235,0.7853168259433632,0.0029233056355842876,0.002689441184737545,0.013213341472840982,0,0,0,0,0,0,0,0,0,0,0,0,0,0,0,0,0.03426114204904785,1.0976428000491885,2.5754322649497574,0.008068323554212635,0,0,0.004794221242358232,0,4.820063264176797,0.04993006025577964,0,0.7212379664113555,241.44341303755886,0,883.6922579887218,130.79582700179188,308.33063382755955,1350.0976038226408,24.478942866804864,20.074222867331883,73.19676674162041,83.83163571165063,2.549122514229499,369.1604145439533,289.64088850924037,87.68081070813716,52.41627323273136,12.620612022169912,0.0017539833813505726,0.015435053755885043,0.1021987650200267,0.696799131297871,0.024906564015178132,0.06138941834727005,0,0,0.002689441184737545,0.015902782657578524,0.4988328736561029,1.1068804458576347,0.0394061599676762,476.3732333901342,72.5232371231818,362.8565982713794,362.4280416652027,20.317792692888766,0.08793303351837538,1.9475062144262525,0.01613664710842527,0.0017539833813505726
0.015318121530461668,0,0,0,0.041861736701567,0.16557603119949407,1.3455391179467362,0.4282058095003865,0.9493727382123534,0.09681988265055162,0,0.5663027677253882,14.709489297133022,6.0214249481765165,0.015318121530461668,0.0021047800576206874,0,0,0,0,0,0,0,0,0,0,0,0,0,0,0,0,0,0.16405591226899022,4.4885604051015395,27.160900389115312,0.09892466270817231,0,0.16733001458084465,0.006548204623708805,0,56.545968638008574,3.186052346110604,0.19165191746890592,19.27089847867332,430.64267707820954,883.6922579887218,0,2446.01167785117,1553.1695901552946,370.6369177543743,26.769645162848715,195.53944623533133,864.5185301893754,300.26254413779776,1.0544948088679644,76.83885476688216,56.86764919014827,54.46936924671492,8.26336650621882,10.911530615381913,0,0,0.005028085693204975,0.08021550664043287,0,0,0,0,0,0,0.054256552596444386,0.12921010909282551,0,541.4016995248049,113.30264914623007,1802.1688128030357,719.5184780365048,59.540252134424854,0.97006974211229,0.2995803615346778,0.054373484821867754,0.009120713583022978
0,0,0,0,0.04361572008291758,0.1699025235401588,1.297713837748577,0.574371091279601,1.2124702454149392,0.12897624464197877,0.0018709156067739444,0.36634866225142293,15.75895602030778,8.254128860410372,0.04618822904223175,0.007717526877942521,0.018241427166045956,0.009588442484716464,0,0,0,0,0,0,0,0,0,0,0,0,0,0,0,0.1749306092333638,7.513363212353314,30.1867555863959,0.08606211791160144,0,0.11880314103014546,0.0015201189305038298,0,12.699892071006957,0.033442616471084256,0.24088038437214532,14.551747725036892,96.96066904996137,130.79582700179188,2446.01167785117,0,4180.544435892593,2791.5927091385006,1728.4431616058255,167.97606512630878,1772.678388619036,1073.4810943099571,3.06140259380929,144.52858141996347,62.50518564225986,149.55432846865997,6.033936696296816,21.68075471242358,0,0,0.026777479621952077,0.05098245028458998,0.015201189305038299,0.00619740794743869,0,0,0.0038587634389712607,0.013564138149111097,0.20884095460614152,0.5865320427236315,0.12593600678097114,397.61493614292743,253.7284295727637,2978.540910907526,659.148825627152,63.86136559272013,0.5130986051577542,0.7973608451619705,0.06384499508116086,0
0,0,0,0,0.02701134407279882,0.34003891153116433,1.297363041072307,0.9155793250649991,2.427045270887499,0.5978744685896986,0.0036248989881245168,0.19539374868245382,21.152221053509948,19.5774947737334,0.16078180995713584,0.058933841613379244,0.09670295042512825,0.09190872918277,0,0,0,0,0,0,0,0,0,0,0,0,0,0,0,0.47392630964092475,26.950773180029515,48.831248133476215,0.24263436775349587,0.0201123427728199,0.09834000158105545,0.09214259363361677,0,5.41910705502073,0.014850392628768182,0,0.8691572315719205,62.92123050031622,308.33063382755955,1553.1695901552946,4180.544435892593,0,3691.8695815912447,994.7182367059589,38.93527389589629,1497.6613950179187,3447.270518586185,25.950651855983416,760.9133043619563,334.10881065104354,1537.1655441904998,20.651049535345376,272.05463260224155,0.01707210491181224,0.01075776473895018,0.2077885645773312,0.4976635514018692,0.012745612571147496,0.006665136849132176,0,0,0.005729679045745204,0.009354578033869722,0.40914585675637694,0.7961915229077366,0.06957467412690606,738.5456897573958,559.5171906840701,3289.9335319900215,1608.3347061432787,143.42333802526176,1.0516884354578035,1.5205866594055233,0.16733001458084465,0.02923305635584288
0,0,0,0,0,0.03379341314735437,0.0586999771625325,0.08652984681329493,0.3214466876888483,0.3526675918768885,0.155169063136814,0.01566891820673178,3.1129697052209964,3.88963354648303,0.16230192888763964,0.02689441184737545,0.06302646950319725,0.08302188005059377,0.002806373410160916,0,0,0,0,0,0,0,0,0,0,0,0,0,0,0.23889253653994802,9.057687113519782,11.714153410687935,0.09529976372004778,0.004560356791511489,0.009588442484716464,0.03005158193380648,0,1.9525343001194577,0.01461652817792144,0,0.16604376010118754,42.71043079368984,1350.0976038226408,370.6369177543743,2791.5927091385006,3691.8695815912447,0,3024.1858728304405,9.853761704202094,266.88704676410657,819.1291821112361,30.016034537277775,2684.1466105026,1928.2380053887641,1435.0897918716182,234.9458400674584,240.40973216481626,0.03987388886936969,0.05495814594898461,0.5375374402712388,1.0640832513526808,0.25713396370599395,0.3170032631227602,0,0,0.0537888236947509,0.0829049478251704,2.83841283992692,4.340875004391821,0.3222652132668119,2464.5868295885743,536.4350032499474,1560.1516133353243,2393.2147902246857,130.5052504216148,0.33033353682102456,3.1302756745836557,0.4448101855105052,0.004443424566088118
0,0,0,0,0,0,0,0,0.0017539833813505726,0.010406968062680065,0.043498787857494205,0,0.18744235735366452,0.225679195067107,0.03928922774225283,0.012511748120300752,0.0029233056355842876,0.027362140749068935,0,0,0,0,0,0,0,0,0,0,0,0,0,0,0,0.014382663727074696,1.1703746442625256,1.2607632545147918,0.004794221242358232,0,0.002221712283044059,0,0,0.2135182436230764,0,0,0.17341049030285996,0.8769916906752864,24.478942866804864,26.769645162848715,1728.4431616058255,994.7182367059589,3024.1858728304405,0,0.5399930170051296,24.551206982116508,185.07295966991077,18.106136581231116,1328.1198412576418,301.4133911004146,1671.8604762490338,22.143338596198443,124.6681106607055,0,0.036248989881245176,0.24929950460262806,0.2114134635654557,0.1576246398707048,0.018709156067739444,0,0,0.2077885645773312,0.08080016776754971,1.8630811476705784,4.003993262947088,0.24649313119246713,315.48957546465465,195.0409641583515,667.8971100722016,423.14603517409176,46.40116262472771,0.03145476863888694,1.1584475572693418,0.017305969362658984,0.00537888236947509
0.056010535977794956,0,0,0.019878478321973158,0.03765217658632562,0.03788604103717237,0.6696708549996486,0.18779315402993466,0.16218499666221628,0.09717067932682173,0,4.349995717974844,10.193215954606142,0.3517321340735015,0,0.0021047800576206874,0,0.0015201189305038298,0,0,0,0,0,0,0,0,0,0,0,0,0,0,0,0.0747196920455344,0.11459358091490408,25.667792802684282,0.3074148206380437,0,2.323092522486122,0,0,14.538768248014897,0.010523900288103438,0.026660547396528705,7.035227342597148,28.75445275718502,20.074222867331883,195.53944623533133,167.97606512630878,38.93527389589629,9.853761704202094,0.5399930170051296,0,144.85014503987776,22.651876844564683,4.795624429063313,1.359921781673811,0.8070662198721102,1.2090792108776616,0.10617446068442134,1.2953751932401096,0,0,0,0,0,0,0,0,0,0,0,0,0,70.50171281006254,3.4506699722436935,308.65231437969925,100.83100877924953,2.1838262420068864,4.409631152940763,0.31220904188040194,0,0
0.10032784941325276,0,0,0.011459358091490408,0.7696479077366314,3.4024938953692643,15.562042152694822,7.5715954606141525,16.849232090155297,4.201374859461739,0.14254038279108988,9.303595583585132,63.00612329597358,51.231983653643454,0.5263119466305952,0.41195223016653787,0.4463303044410091,0.6875614854894245,0.060337028318459704,0.03145476863888694,0,0,0,0,0,0,0,0,0,0,0,0,0,3.8508120476424708,55.3778157060291,308.9140087001968,2.226506504286417,0.050865518059166615,4.7292069250228375,0.3139630252617525,0,6.4185267857142865,0,0,3.2643969371442623,44.44675740900148,73.19676674162041,864.5185301893754,1772.678388619036,1497.6613950179187,266.88704676410657,24.551206982116508,144.85014503987776,0,502.83674998682454,7.12374503724264,27.91066981852997,14.382663727074696,46.368421601609164,1.699492964303282,7.9695158237298855,0,0,0,0.0038587634389712607,0,0.0019878478321973155,0,0,0,0,0.023971106211791163,0.06863921632351909,0,173.51479384793763,150.07151970170753,2870.456011524138,300.5062308955801,25.435565402993465,2.916991295411426,1.1011507668118896,0.018943020518586186,0.3361801480921931
0.01835835939146933,0,0,0,0.19796625764176798,2.5625697201531867,7.098370744325768,5.722663112219802,16.913778678588997,6.3058041204061555,0.404117771063172,0.7850829614925163,51.09821318775912,81.03449994729816,253.52122566931345,1.148742182559202,1.5879396212493853,2.4924103848991637,0.6005639097744361,1.4135936731431382,0,0,0,2.6119151192818495,0,0.3697396967887007,0,0,0,0,0.006431272398285433,0,0,7.008099066298925,621.6173230974633,284.07175740900146,4.918870994659546,0.6122571323167733,3.2353977452392666,82.52632127924953,0,0.6965652668470241,0,0,0.5744880235050243,6.512891091630947,83.83163571165063,300.26254413779776,1073.4810943099571,3447.270518586185,819.1291821112361,185.07295966991077,22.651876844564683,502.83674998682454,0,1814.9999028309676,307.23556353646967,449.74297143999013,1889.555772828684,129.755714856651,467.0197077462933,0.3739492569039421,0.4617653581968941,6.222431443679292,19.21290009486333,1.3221526728620618,2.72498858126625,0,0,2.2182043162813576,1.83782378697913,11.31307587748577,20.386198044761436,3.5911055749771625,754.4875277782658,3794.4362153924535,4860.860099101434,725.066678268393,63.60423162901413,1.983521339856651,622.696607538121,0.10114637499121636,136.86764973912588
0,0,0,0,0.00689900129997892,0.08629598236244819,0.038353769938865856,0.08302188005059379,0.32320067107019884,0.4901798889747734,0.1375122970978849,0.005846611271168575,0.973460776649568,206.31533546922213,542.6428181654487,0.13856468712669523,1.6492121073712318,5.643266131157333,4.381801283290001,18.685184961527654,0.0017539833813505726,0.004443424566088118,0.14838699406225844,4.661386234277282,0.03040237861007659,0.10290035837256693,0,0,0.023269512859250933,0.02069700389993676,0.1708379813435458,0.02993464970838311,0.03683365100836203,2.199962889115312,153.24950372426395,25.000577524418524,1.5119336747241936,0.2811050699177851,0.11400891978778722,48.697711532042725,0,0.010991629189796922,0,0,0.01297947702199424,0.04057548222190991,2.549122514229499,1.0544948088679644,3.06140259380929,25.950651855983416,30.016034537277775,18.106136581231116,4.795624429063313,7.12374503724264,1814.9999028309676,0,38.28419526473895,237.6006693134706,2035.3162352434827,1447.9015880823554,3529.112786346708,16.559240171105333,20.41964066123252,203.48206764721382,251.21134648830022,34.91947047818144,53.688378913112224,0.0036248989881245168,0,51.91521864679221,36.610544322254235,108.8334994905488,130.03763845214675,33.15203989090717,324.19974000421615,2178.917076386937,213.22778397512474,92.64622072851522,22.595164715234347,0.1649913700723772,1311.1877042196613,0.07249797976249035,136.78310774014474
0,0,0,0,0,0,0,0.004209560115241375,0.005612746820321832,0.019644613871126416,0.008886849132176236,0,0.2090748190569883,0.32542238335324297,0.0505147213828965,0,0.007600594652519149,0.0016370511559272013,0,0,0,0,0,0,0,0,0,0,0,0,0,0,0,0.010290035837256694,1.4331213547888413,1.5532107502986439,0.00619740794743869,0,0,0,0,0.3078825495397372,0.0019878478321973155,0,0.025842021818565104,7.478751273627996,369.1604145439533,76.83885476688216,144.52858141996347,760.9133043619563,2684.1466105026,1328.1198412576418,1.359921781673811,27.91066981852997,307.23556353646967,38.28419526473895,0,3620.9871374552035,1169.3755753285081,430.43348532692715,354.93397227004425,0.04455117788630455,0.08185255779636005,1.166398948598131,0.8904388965989741,0.09658601819970487,0.08232028669805355,0,0,0.07051013193029303,0.08734837239125852,4.485169370564261,5.626194026245521,0.13166568582671634,1135.2701870037242,234.26716543110112,360.23988893085516,915.9612257132317,54.99100390432858,0.05028085693204975,1.8715002679010613,0.12336349782165694,0.018592223842316073
0,0,0,0,0,0,0,0,0.009120713583022978,0.020346207223666646,0,0,0.11985553105895581,0.41931896036821026,0.927506412058183,0.004794221242358232,0.07869538770992904,0.07998164218958612,0.01777369826435247,0.02981771748295974,0,0,0,0,0,0,0,0,0,0,0,0,0,0.06758682629470875,3.525740460965498,1.690723047396529,0.024438835113484648,0.003157170086431031,0,0.10442047730307076,0,0.6481553255217483,0.03274102311854402,0,0.022801783957557446,7.403563852680767,289.64088850924037,56.86764919014827,62.50518564225986,334.10881065104354,1928.2380053887641,301.4133911004146,0.8070662198721102,14.382663727074696,449.74297143999013,237.6006693134706,3620.9871374552035,0,1003.0413555793691,3375.5839315359076,713.843289407807,3.4862173687723983,6.098717149181365,25.36330128768182,24.75244734207013,10.989407477513879,1.8646012666010823,0.01835835939146933,0.0016370511559272013,12.468950925795799,10.550911632176236,162.38541849659194,256.62168362641415,9.480163243974422,3628.3579602847662,758.7658440420561,562.163951606528,1637.498538621671,141.06984312416557,0.10371888395053054,83.01369479481414,0.6020840287049399,0.2648514905839365
0,0,0,0,0,0.016604376010118754,0.003391034537277774,0.0209308683507835,0.10570673178272785,0.16697921790457454,0.04139400779987352,0,0.6426595109268498,2.817832768252407,9.169357388799101,0.032039429766003796,0.34869189621249386,0.9776703367648093,0.2887056645703043,0.5834918048626239,0.08804996574379875,0.004794221242358232,0.03601512543039843,0.11845234435387535,0,0,0,0,0,0,0.0025725089593141735,0.006782069074555548,0,0.5721493789965569,15.358930877134423,9.104576935914555,0.4389635742393367,0.07822765880823554,0.005612746820321832,0.8713789438549645,0,1.0422169251985103,0,0,0.1798417627011454,3.697046171210737,87.68081070813716,54.46936924671492,149.55432846865997,1537.1655441904998,1435.0897918716182,1671.8604762490338,1.2090792108776616,46.368421601609164,1889.555772828684,2035.3162352434827,1169.3755753285081,1003.0413555793691,0,1675.9041095363996,9436.408608407703,961.733643761858,1257.8528114240041,520.5875295349941,270.8608715128944,74.15455860006324,7.190630270184808,0,0,78.19456698844073,45.278262463987076,144.05032861798188,255.0947826268358,24.75864475001757,2083.7457042504043,1922.5538129787085,1688.5422613923831,2168.979006548205,315.1585403344811,0.390904429590331,361.3463016478111,1.2984154311011173,3.4872697588012085
0,0,0,0,0,0,0,0,0,0.00853605245590612,0,0,0.0010523900288103437,0.2349168408755534,5.864384969432928,0.004560356791511489,0.04934539912866279,0.13610911039280443,0.09869079825732557,0.2689441184737545,0.004092627889818003,0,0.0030402378610076596,0.07448582759468766,0,0,0,0,0,0,0,0.002221712283044059,0,0.18744235735366452,6.811185198685967,1.1812493412268992,0.13727843264703818,0.015551985981308412,0,1.0209352601714567,0,0.06045396054388307,0,0,0,1.4110211641838242,52.41627323273136,8.26336650621882,6.033936696296816,20.651049535345376,234.9458400674584,22.143338596198443,0.10617446068442134,1.699492964303282,129.755714856651,1447.9015880823554,430.43348532692715,3375.5839315359076,1675.9041095363996,0,4827.314699204202,596.4308233346216,1513.2838911311576,1094.2815832293936,1417.369414702059,438.6104389185581,67.5195902650903,0.19784932541634462,0.09623522152343476,341.62626649128663,262.94795088626944,1112.3271489178553,2068.2298503267516,133.3796783869721,1926.8932847963952,1683.57135555741,313.93882029108994,435.09779486684,100.98185135004567,0.03239022644227391,2110.6526278458996,1.738314463143841,5.530777330300049
0,0,0,0,0,0,0,0,0.0030402378610076596,0.012044019218607266,0.008302188005059377,0,0.04361572008291758,1.3838928878856018,19.96875,0,0.09214259363361677,0.4686643594968731,0.26391603278054954,2.151552947790036,0,0.0036248989881245168,0.022918716182980817,0.23585229867894034,0,0.006314340172862062,0,0,0.004911153467781604,0,0.002455576733890802,0,0,0.23012261963319514,9.818682036575083,2.2321192511067394,0.15867702989951515,0.004794221242358232,0,2.373958040545289,0,0.9170994439955028,0.0032741023118544026,0,0.10781151184034854,0.8297510716042443,12.620612022169912,10.911530615381913,21.68075471242358,272.05463260224155,240.40973216481626,124.6681106607055,1.2953751932401096,7.9695158237298855,467.0197077462933,3529.112786346708,354.93397227004425,713.843289407807,9436.408608407703,4827.314699204202,0,196.9015897292882,271.85970658246083,1448.7800998919613,407.8880168074977,128.5145962160073,31.229791037172372,0,0,261.60276256499895,178.7912435879418,462.2640741383248,449.17444695998176,49.5290996548029,836.6687820602909,1528.3851033834587,541.4401702269694,374.703235893472,108.27351106299628,0.06782069074555548,1114.3609511146442,0.7491847682875413,11.625635716042444
0,0,0,0,0,0,0,0,0,0,0,0,0,0,0.023269512859250933,0,0,0.04560356791511489,0,0,0.07694140432857846,0.0677037585201321,0.06688523294216851,0.018241427166045956,0,0,0,0,0,0,0,0,0,0,0.003391034537277774,0,0,0,0,0,0,0,0,0,0,0,0.0017539833813505726,0,0,0.01707210491181224,0.03987388886936969,0,0,0,0.3739492569039421,16.559240171105333,0.04455117788630455,3.4862173687723983,961.733643761858,596.4308233346216,196.9015897292882,0,663.0928326584569,1147.4577989951515,113.57860919822923,53.01251065016513,0.7863692159721735,0,0,51.21643166766215,21.99729024664465,36.897496003443194,13.284553198123815,0.7825104525332023,4.722658720399129,10.722100410196052,0.7357375623638536,0.8004010830229781,0.21281665027053615,0,25.828106883739725,0,0.060337028318459704
0,0,0,0,0,0,0,0,0,0,0,0,0,0,0.019761546096549787,0,0,0,0,0,0.03882149884055935,0.009120713583022978,0.02408803843721453,0.022918716182980817,0,0,0,0,0,0,0,0,0,0,0,0.004092627889818003,0,0,0,0,0,0,0,0,0,0,0.015435053755885043,0,0,0.01075776473895018,0.05495814594898461,0.036248989881245176,0,0,0.4617653581968941,20.41964066123252,0.08185255779636005,6.098717149181365,1257.8528114240041,1513.2838911311576,271.85970658246083,663.0928326584569,0,6257.998601754093,743.1756212230342,441.0867126563488,3.0792932242990654,0,0,216.672256539421,76.9155623067599,118.42018799188392,29.341101732134074,1.935696059658492,7.944375395263862,14.623894908123113,1.027366532569742,1.2746781893401729,0.37523551138359923,0,47.61550378574942,0,0.06723602961843862
0,0,0,0,0,0,0,0,0,0,0,0,0,0.002806373410160916,0.4851518032815684,0,0,0.006314340172862062,0.009471510259293093,0.02701134407279882,0.0394061599676762,0,0.00537888236947509,0.06688523294216851,0,0,0,0,0,0,0,0,0,0.0015201189305038298,0.2138690402993465,0.020463139449090013,0.004560356791511489,0,0,0.0467728901693486,0,0,0,0,0,0,0.1021987650200267,0.005028085693204975,0.026777479621952077,0.2077885645773312,0.5375374402712388,0.24929950460262806,0,0,6.222431443679292,203.48206764721382,1.166398948598131,25.36330128768182,520.5875295349941,1094.2815832293936,1448.7800998919613,1147.4577989951515,6257.998601754093,0,8935.906994962581,3189.8994163270327,47.809143551050525,0.01882608829316281,0.0073667302016724055,526.6637956968942,228.37810776210387,647.3455698606915,215.1641816281358,20.414261778863047,53.47825170402643,134.5608107959736,10.08633990056918,12.369675466411357,3.250014273417188,0,631.6598134134988,0.06431272398285433,0.9874926437003724
0,0,0,0,0,0,0,0,0,0,0,0,0.016721308235542128,0.687093756587731,1.4822328894666572,0,0,0.016721308235542128,0.014850392628768182,0.079630845513316,0.005612746820321832,0.02981771748295974,0.14382663727074696,0.10886390186915888,0,0,0,0,0,0,0,0,0,0,0.35559089751247275,0.012511748120300752,0,0,0,0.3564094230904364,0,0,0,0,0,0.03320875202023751,0.696799131297871,0.08021550664043287,0.05098245028458998,0.4976635514018692,1.0640832513526808,0.2114134635654557,0,0.0038587634389712607,19.21290009486333,251.21134648830022,0.8904388965989741,24.75244734207013,270.8608715128944,1417.369414702059,407.8880168074977,113.57860919822923,743.1756212230342,8935.906994962581,0,1612.6879759635656,80.60570947667064,0.005261950144051719,0,1316.5821385751178,595.259045503654,1109.0581916239196,257.57281034800786,44.136536214953274,85.8978281348816,182.42374317071886,15.247260601855105,14.508482801630244,3.1130866374464197,0,753.9083624657438,0.05390575592017427,1.6018545560747663
0,0,0,0,0,0,0,0,0,0,0,0,0,0,0.01952768164570304,0,0,0,0,0,0,0,0,0.0038587634389712607,0,0,0,0,0,0,0,0,0,0,0.015435053755885043,0,0,0,0,0.009705374710139837,0,0,0,0,0,0,0.024906564015178132,0,0.015201189305038299,0.012745612571147496,0.25713396370599395,0.1576246398707048,0,0,1.3221526728620618,34.91947047818144,0.09658601819970487,10.989407477513879,74.15455860006324,438.6104389185581,128.5145962160073,53.01251065016513,441.0867126563488,3189.8994163270327,1612.6879759635656,0,73.86936090225564,0.6260551349167311,0.3627237632632984,1293.307714562399,594.384860186389,953.6328130489776,257.0300109575926,32.35386052016724,38.21462059061204,62.22162499560818,8.078613590049892,8.977939335781041,1.5760125342562015,0,445.47225577085237,1.6272288489916382,0.4160448580563559
0,0,0,0,0,0,0,0,0,0,0,0,0,0.10091251054036962,0.061974079474386906,0,0,0,0,0,0,0,0,0,0,0,0,0,0,0,0,0,0,0,0.04361572008291758,0,0,0,0,0.009705374710139837,0,0,0,0,0,0,0.06138941834727005,0,0.00619740794743869,0.006665136849132176,0.3170032631227602,0.018709156067739444,0,0.0019878478321973155,2.72498858126625,53.688378913112224,0.08232028669805355,1.8646012666010823,7.190630270184808,67.5195902650903,31.229791037172372,0.7863692159721735,3.0792932242990654,47.809143551050525,80.60570947667064,73.86936090225564,0,1.5485334612817092,0.022684851732134075,98.07947658281218,53.76461872408826,72.37987821481273,30.528665413533837,7.36930271063172,10.319970486965076,27.070160982186774,2.498140063944909,3.0947282780549505,1.3634297484365119,0,106.70872402238071,0.16978559131473545,3.7628790141240955
0,0,0,0,0,0,0,0,0,0,0,0,0,0,0,0,0,0,0,0,0,0,0,0,0,0,0,0,0,0,0,0,0,0,0,0,0,0,0,0,0,0,0,0,0,0,0,0,0,0,0,0,0,0,0,0.0036248989881245168,0,0.01835835939146933,0,0.19784932541634462,0,0,0,0.01882608829316281,0.005261950144051719,0.6260551349167311,1.5485334612817092,0,0.24263436775349587,0.7923327594687655,0.2896411223736912,0.7859014870704799,1.1269927886304545,0.07004240302859954,1.1749350010540371,0,0,0.13809695822500176,0,0,3.5066805082214882,0.8539560422668823,0
0,0,0,0,0,0,0,0,0,0,0,0,0,0,0,0,0,0,0,0,0,0,0,0,0,0,0,0,0,0,0,0,0,0,0,0,0,0,0,0,0,0,0,0,0,0,0,0,0,0,0,0,0,0,0,0,0,0.0016370511559272013,0,0.09623522152343476,0,0,0,0.0073667302016724055,0,0.3627237632632984,0.022684851732134075,0.24263436775349587,0,0.3600343220785609,0.1963292064858408,0.81642079790598,2.3893930943011736,0.032039429766003796,2.387054449792706,0.0017539833813505726,0,0.28180666327032533,0,0,0.6840535187267234,2.656115500491884,0
0,0,0,0,0,0,0,0,0,0,0,0,0,0,0.05530894262525473,0,0,0,0,0,0,0,0,0,0,0,0,0,0,0,0,0,0,0,0.02233405505586396,0,0,0,0,0.00853605245590612,0,0,0,0,0,0,0.002689441184737545,0,0.0038587634389712607,0.005729679045745204,0.0537888236947509,0.2077885645773312,0,0,2.2182043162813576,51.91521864679221,0.07051013193029303,12.468950925795799,78.19456698844073,341.62626649128663,261.60276256499895,51.21643166766215,216.672256539421,526.6637956968942,1316.5821385751178,1293.307714562399,98.07947658281218,0.7923327594687655,0.3600343220785609,0,623.5834215357319,1003.2380355825311,265.681592452217,26.54034106879348,42.22539592263369,92.32910053316704,8.789678452849413,9.75507090594477,2.2826339724896356,0,523.9467585069567,1.7586606703675076,0.38190064823273134
0,0,0,0,0,0,0,0,0,0,0,0,0,0,0.009354578033869722,0,0,0,0,0,0,0,0,0,0,0,0,0,0,0,0,0,0,0,0.03005158193380648,0.004443424566088118,0,0,0,0.002455576733890802,0,0,0,0,0,0,0.015902782657578524,0,0.013564138149111097,0.009354578033869722,0.0829049478251704,0.08080016776754971,0,0,1.83782378697913,36.610544322254235,0.08734837239125852,10.550911632176236,45.278262463987076,262.94795088626944,178.7912435879418,21.99729024664465,76.9155623067599,228.37810776210387,595.259045503654,594.384860186389,53.76461872408826,0.2896411223736912,0.1963292064858408,623.5834215357319,0,492.0398129523575,126.6923244150095,13.659204048380298,30.019542504040476,84.07450394385496,7.173792029723843,8.528217996802754,1.8414486859672545,0,325.632042833427,0.5679398188813155,0.545138034923758
0,0,0,0,0,0,0,0,0,0,0,0,0,0,0.09927545938444242,0,0,0.0025725089593141735,0,0.00689900129997892,0,0,0,0,0,0,0,0,0,0,0,0,0,0.005261950144051719,0.29408454693977937,0.02853146300330265,0,0,0,0.024438835113484648,0,0,0,0,0,0.01309640924741761,0.4988328736561029,0.054256552596444386,0.20884095460614152,0.40914585675637694,2.83841283992692,1.8630811476705784,0,0.023971106211791163,11.31307587748577,108.8334994905488,4.485169370564261,162.38541849659194,144.05032861798188,1112.3271489178553,462.2640741383248,36.897496003443194,118.42018799188392,647.3455698606915,1109.0581916239196,953.6328130489776,72.37987821481273,0.7859014870704799,0.81642079790598,1003.2380355825311,492.0398129523575,0,582.4569546676271,52.80308503443188,138.32673004795868,295.58724296869514,38.06611666432436,39.35891934860516,12.381602553404539,0,659.4464181408546,0.9208412752090507,1.0603414201391328
0,0,0,0,0,0,0,0,0,0,0,0,0,0.002806373410160916,0.3067132272855035,0,0.0025725089593141735,0.011927086993183894,0.0018709156067739444,0.010406968062680065,0,0,0,0,0,0,0,0,0,0,0,0,0,0.004911153467781604,0.8123281700161619,0.05402268814559764,0,0,0,0.11517824204202094,0,0.004326492340664746,0,0,0,0.008185255779636006,1.1068804458576347,0.12921010909282551,0.5865320427236315,0.7961915229077366,4.340875004391821,4.003993262947088,0,0.06863921632351909,20.386198044761436,130.03763845214675,5.626194026245521,256.62168362641415,255.0947826268358,2068.2298503267516,449.17444695998176,13.284553198123815,29.341101732134074,215.1641816281358,257.57281034800786,257.0300109575926,30.528665413533837,1.1269927886304545,2.3893930943011736,265.681592452217,126.6923244150095,582.4569546676271,0,85.23458855228023,87.0915892242288,339.5108456011524,51.078685506113416,57.850113748155444,27.184052969749143,0.003157170086431031,411.1503089645844,4.019194452252126,2.487382299205959
0,0,0,0,0,0,0,0,0,0,0,0,0,0,0.009237645808446349,0,0,0,0,0,0,0,0,0,0,0,0,0,0,0,0,0,0,0,0.26567001616190006,0.014850392628768182,0,0,0,0.04361572008291758,0,0,0,0,0,0,0.0394061599676762,0,0.12593600678097114,0.06957467412690606,0.3222652132668119,0.24649313119246713,0,0,3.5911055749771625,33.15203989090717,0.13166568582671634,9.480163243974422,24.75864475001757,133.3796783869721,49.5290996548029,0.7825104525332023,1.935696059658492,20.414261778863047,44.136536214953274,32.35386052016724,7.36930271063172,0.07004240302859954,0.032039429766003796,26.54034106879348,13.659204048380298,52.80308503443188,85.23458855228023,0,13.696973157192046,125.03036669506712,15.466625456749352,16.517963095530884,11.125633520132107,0.005028085693204975,149.1291628970206,0.3674010522802333,1.0334470082917573
0,0,0,0,0,0.016019714883001898,0.0385876343897126,0.040341617771063175,0.22018338047220856,0.19106725634178906,0.008302188005059377,0.054373484821867754,3.081631868807533,3.548308380472209,1.2433403529267093,0.028999191904996134,0.13341966920806692,0.14756846848429486,0.061974079474386906,0.11202107195558991,0,0,0.006080475722015319,0,0,0,0,0,0,0,0,0,0,0.3768725625395264,14.144823580563559,11.496776403625887,0.1708379813435458,0.02139859725247699,0.011108561415220293,0.7566684307146371,0,9.747470311292249,0.006548204623708805,0.010523900288103438,3.9993159739301527,37.330262169735086,476.3732333901342,541.4016995248049,397.61493614292743,738.5456897573958,2464.5868295885743,315.48957546465465,70.50171281006254,173.51479384793763,754.4875277782658,324.19974000421615,1135.2701870037242,3628.3579602847662,2083.7457042504043,1926.8932847963952,836.6687820602909,4.722658720399129,7.944375395263862,53.47825170402643,85.8978281348816,38.21462059061204,10.319970486965076,1.1749350010540371,2.387054449792706,42.22539592263369,30.019542504040476,138.32673004795868,87.0915892242288,13.696973157192046,0,1547.3572400261753,1555.276124196297,2044.309960429696,428.83502180538966,1.2710532903520484,370.4149803905207,27.77233899585412,6.351992349448388
0.006080475722015319,0,0,0,0.036248989881245176,2.184878632035697,2.918628346567353,4.181145584463495,15.198265999402713,8.404971431206521,0.9491388737615066,0.22275588943152275,55.54011763491673,570.5506816105684,128.10287785029163,2.294444127257396,6.255640195699529,8.009038915922986,5.2496722603822645,7.356790962511418,0,0,0.13119795692502287,1.0226892435528074,0.08559438900990796,0.08384040562855738,0,0,0.03566432875412832,0.06127248612184667,0.43756038753425625,0.22836863625184456,0.20837322570444805,21.427011783254866,2393.0045460833744,364.0940920130349,20.384093264703818,21.366791687161832,13.64716002916169,111.88870467641065,3.974292477689551,1.2754967149181364,0,0,0.1610156744079826,5.520019565561099,72.5232371231818,113.30264914623007,253.7284295727637,559.5171906840701,536.4350032499474,195.0409641583515,3.4506699722436935,150.07151970170753,3794.4362153924535,2178.917076386937,234.26716543110112,758.7658440420561,1922.5538129787085,1683.57135555741,1528.3851033834587,10.722100410196052,14.623894908123113,134.5608107959736,182.42374317071886,62.22162499560818,27.070160982186774,0,0.0017539833813505726,92.32910053316704,84.07450394385496,295.58724296869514,339.5108456011524,125.03036669506712,1547.3572400261753,0,1630.1850125825665,2304.2927439436794,1524.7908406383951,24.415214803949127,1532.8401042398636,116.56119947210317,682.4547044085097
0.2200664482467852,0,0,0.02163246170332373,0.7022949458927693,3.5912225072025863,14.486382611025228,8.93315429344389,20.063348170367508,7.246173077260909,0.43124604736139416,13.668909423090437,168.99454480974634,137.68523985928607,6.697994804476144,1.2883592597147073,1.9786101863888694,2.6911951681188953,0.7754945190078,0.6579776324573116,0,0,0.010290035837256692,0.013213341472840982,0,0,0,0,0,0,0.024321902888061277,0.022801783957557446,0.0032741023118544026,8.571599852434826,207.26657912304125,526.380936643595,7.468461237790739,1.425403827910899,6.556857608390135,3.286263263298433,0.0030402378610076596,57.56994413604104,0.036950583233785396,0.010991629189796922,17.299070361359007,102.81979206925023,362.8565982713794,1802.1688128030357,2978.540910907526,3289.9335319900215,1560.1516133353243,667.8971100722016,308.65231437969925,2870.456011524138,4860.860099101434,213.22778397512474,360.23988893085516,562.163951606528,1688.5422613923831,313.93882029108994,541.4401702269694,0.7357375623638536,1.027366532569742,10.08633990056918,15.247260601855105,8.078613590049892,2.498140063944909,0,0,8.789678452849413,7.173792029723843,38.06611666432436,51.078685506113416,15.466625456749352,1555.276124196297,1630.1850125825665,0,3207.2892260953204,712.7990846347762,13.595943714426253,126.18600787892628,3.2102573167732418,4.021182300084323
0.0016370511559272013,0,0,0,0.00619740794743869,0.035196599852434826,0.1474515362588715,0.06255874060150375,0.27900028986016445,0.14885472296395194,0.008886849132176236,0.1318995502775631,4.055794238809641,4.32801245959525,0.42130680820040756,0.018007562715199214,0.07483662427095777,0.07074399638113978,0.01707210491181224,0.025725089593141733,0,0,0,0,0,0,0,0,0,0,0,0,0,0.26204511717377554,12.980997140924742,15.246442076277143,0.33220445242779845,0.061974079474386906,0.1789063048977584,0.18943020518586184,0,96.43564335781042,0.03730137991005551,0.04735755129646546,23.236654903906963,49.507584125324996,362.4280416652027,719.5184780365048,659.148825627152,1608.3347061432787,2393.2147902246857,423.14603517409176,100.83100877924953,300.5062308955801,725.066678268393,92.64622072851522,915.9612257132317,1637.498538621671,2168.979006548205,435.09779486684,374.703235893472,0.8004010830229781,1.2746781893401729,12.369675466411357,14.508482801630244,8.977939335781041,3.0947282780549505,0.13809695822500176,0.28180666327032533,9.75507090594477,8.528217996802754,39.35891934860516,57.850113748155444,16.517963095530884,2044.309960429696,2304.2927439436794,3207.2892260953204,0,328.1854918399972,7.572063189515847,274.34931059394984,79.6343534800787,15.711715401236738
0,0,0,0,0,0,0,0,0,0.003157170086431031,0,0,0.05121631473543673,0.2349168408755534,0.03999082109479306,0,0.004092627889818003,0.003391034537277774,0,0.001403186705080458,0,0,0,0,0,0,0,0,0,0,0,0,0,0.0017539833813505726,7.51394787348043,1.6447686828051438,0.07998164218958612,3.2806505164781115,1.108868293689832,1.177741374464198,0.441886879874921,1.4819990250158106,0,0,0.06372806285573748,2.2460341859321202,20.317792692888766,59.540252134424854,63.86136559272013,143.42333802526176,130.5052504216148,46.40116262472771,2.1838262420068864,25.435565402993465,63.60423162901413,22.595164715234347,54.99100390432858,141.06984312416557,315.1585403344811,100.98185135004567,108.27351106299628,0.21281665027053615,0.37523551138359923,3.250014273417188,3.1130866374464197,1.5760125342562015,1.3634297484365119,0,0,2.2826339724896356,1.8414486859672545,12.381602553404539,27.184052969749143,11.125633520132107,428.83502180538966,1524.7908406383951,712.7990846347762,328.1854918399972,0,11.959126422949899,127.87801718080249,31.43009593932261,51.93977441413113
0.010173103611833323,0,0,0,0.0018709156067739444,0.00619740794743869,0.045486635689691524,0.02315258063382756,0.022217122830440587,0.00537888236947509,0,0.7407656480570586,2.1860479542899305,1.3337289631789755,0.03414420982362448,0,0,0,0,0,0,0,0,0,0,0,0,0,0,0,0,0,0,0.0038587634389712607,4.282759688356405,8.309671667486473,0.07694140432857846,0.674815872918277,1.2667267980113837,0.14546368842667418,0.025608157367718362,4.355257668118896,0,0,2.242526219169419,0.05109938251001335,0.08793303351837538,0.97006974211229,0.5130986051577542,1.0516884354578035,0.33033353682102456,0.03145476863888694,4.409631152940763,2.916991295411426,1.983521339856651,0.1649913700723772,0.05028085693204975,0.10371888395053054,0.390904429590331,0.03239022644227391,0.06782069074555548,0,0,0,0,0,0,0,0,0,0,0,0.003157170086431031,0.005028085693204975,1.2710532903520484,24.415214803949127,13.595943714426253,7.572063189515847,11.959126422949899,0,4.169920090822852,1.7737449274471226,4.017323536645352
0,0,0,0,0,0.0015201189305038298,0.0071328657508256624,0.008302188005059377,0.04840994132527581,0.01169322254233715,0,0,0.4408344898461106,58.48540652888062,24.600786245696018,0,0.042680262279530604,0.21094573466376224,0.2462592667416204,1.21492582214883,0,0,0.052034840313400325,0.2302395518586185,0.024438835113484648,0.005145017918628347,0,0,0,0,0.044083448984611064,0.01005617138640995,0,0.34775643840910686,60.771782332583804,3.2398411698053544,0.31583394086852645,0.6385668830370318,0.10313422282341368,21.410758203921016,0.48339781990021785,0.02245098728128733,0,0,0,0.20872402238071816,1.9475062144262525,0.2995803615346778,0.7973608451619705,1.5205866594055233,3.1302756745836557,1.1584475572693418,0.31220904188040194,1.1011507668118896,622.696607538121,1311.1877042196613,1.8715002679010613,83.01369479481414,361.3463016478111,2110.6526278458996,1114.3609511146442,25.828106883739725,47.61550378574942,631.6598134134988,753.9083624657438,445.47225577085237,106.70872402238071,3.5066805082214882,0.6840535187267234,523.9467585069567,325.632042833427,659.4464181408546,411.1503089645844,149.1291628970206,370.4149803905207,1532.8401042398636,126.18600787892628,274.34931059394984,127.87801718080249,4.169920090822852,0,34.721504220539664,199.95352081283818
0,0,0,0,0,0,0,0,0,0,0,0,0,0,0,0,0,0,0,0,0,0,0,0,0,0,0,0,0,0,0,0,0,0,1.231880994835219,0.010874696964373551,0.012745612571147496,0.3483410995362238,0.1376292293233083,0.7966592518094301,0.19574454535872393,0.0993923916098658,0,0,0.020346207223666646,0,0.01613664710842527,0.054373484821867754,0.06384499508116086,0.16733001458084465,0.4448101855105052,0.017305969362658984,0,0.018943020518586186,0.10114637499121636,0.07249797976249035,0.12336349782165694,0.6020840287049399,1.2984154311011173,1.738314463143841,0.7491847682875413,0,0,0.06431272398285433,0.05390575592017427,1.6272288489916382,0.16978559131473545,0.8539560422668823,2.656115500491884,1.7586606703675076,0.5679398188813155,0.9208412752090507,4.019194452252126,0.3674010522802333,27.77233899585412,116.56119947210317,3.2102573167732418,79.6343534800787,31.43009593932261,1.7737449274471226,34.721504220539664,0,15.895883656278547
0,0,0,0,0,0.0023386445084674305,0.0036248989881245168,0.008652984681329492,0.06010316386761296,0.09588442484716464,0.01239481589487738,0,0.5402268814559764,125.52183283852155,99.92571949002179,0.01637051155927201,0.6304985594828192,1.363780545112782,2.7075656796781677,3.627003768182138,0,0,0.13248421140467992,0.6867429599114608,0.06992547080317617,2.176225647354367,0,0,0.1309640924741761,0.62254716815403,1.4834022117208912,1.629684425725529,0.41125063681399765,13.690074155892068,668.5719259451198,5.246281225844987,27.449255257009348,67.45375742217695,2.1551778467781606,215.72896427693064,21.968524919190497,0,0,0,0,0,0.0017539833813505726,0.009120713583022978,0,0.02923305635584288,0.004443424566088118,0.00537888236947509,0,0.3361801480921931,136.86764973912588,136.78310774014474,0.018592223842316073,0.2648514905839365,3.4872697588012085,5.530777330300049,11.625635716042444,0.060337028318459704,0.06723602961843862,0.9874926437003724,1.6018545560747663,0.4160448580563559,3.7628790141240955,0,0,0.38190064823273134,0.545138034923758,1.0603414201391328,2.487382299205959,1.0334470082917573,6.351992349448388,682.4547044085097,4.021182300084323,15.711715401236738,51.93977441413113,4.017323536645352,199.95352081283818,15.895883656278547,0
