0,0.12626509765306568,0.0026776206754140766,0.6828752438333926,2.4162759276181625,0.3619126790367391,3.719776217892808,0.5839118994508106,0.23018650683452685,0.07754524368876613,0.002444606211048168,0.395030338858142,0.26263041222460565,0.01980498365542879,0.0014800896108756304,0.009035615722988397,0.02446843957642942,0.011789168882878263,0.0023642354625068953,0.002209070604162015,0,0,0,0,0,0,0,0,0,0,5.663803955713078e-05,0,0,2.644533550445287,0.043250992159423705,2.692409835459428,7.452767672072871,0.03628502504862239,0.1398686038080586,0.0001459564070248782,0.001961835111579284,0,0,0,0,0,0,0.00018369998123813014,0,0,0,0,0.0019935229838472725,0.0025014136744812066,0.00034172764265436554,0,0,0,0,0,0,0,0,0,0,0,0,0,0,0,0,0,0,0,0,9.263917850776942e-05,0.004211968248042651,2.8982905652112435e-05,0,0.00029621031780973836,0,0,0
0.12626509765306568,0,0,0.0005933858795187359,0.3170019581675178,0.012822495547700903,0.277008546792411,0.0026478694181130153,0.0059041787639647954,0.0005701398373867876,3.9296011440603854e-05,0.0009400773707638315,0.00012647461906749495,0,0,9.471486230477762e-05,0.00014624133009745016,0.000296399106077149,3.088814886591799e-05,0,0,0,0,0,0,0,0,0,0,0,0,0,0,0.007967837214868326,0,0.0060371684095423366,0.006722630597855036,0,0,0,0,0,0,0,0,0,0,0,0,0,0,0,0,0,0,0,0,0,0,0,0,0,0,0,0,0,0,0,0,0,0,0,0,0,0,0,0,0,0,0,0,0,0
0.0026776206754140766,0,0,0.031542103641245794,0.00019616439005998873,0,0.009016311123577368,0.010205655091305419,0,0,0,0.0003795159696454698,0,0,0,0,0,0,0,0,0,0,0,0,0,0,0,0,0,0,0,0,0,0,0,0.0007611068804275558,0.0004090113938822803,0,0,0,0,0,0,0,0,0,0,0,0,0,0,0,0,0,0,0,0,0,0,0,0,0,0,0,0,0,0,0,0,0,0,0,0,0,0,0,0,0,0,0,0,0,0
0.6828752438333926,0.0005933858795187359,0.031542103641245794,0,0.10834843316855985,0.013331000656147549,1.0649133898812138,0.3665038609506702,0.007430845862442127,0.0018613564124372298,0.00034105716117363897,0.15517613730443333,0.04516230801600633,0.006754330844767092,0.002624506433739873,0.000321866023836537,0.0001883182664181556,0.00027321961437362793,0,0.0005381878360819774,0,0,0,0,0,0,0,0,0,0,0,0,0,0.14682939314954332,0.00017400016068466927,0.3933680363025518,0.4863407127116743,0.0003496047011321313,0.04860323091119901,0.000148669614491257,0,0,0,0,0,0,0,0,0,0,0,0,0.0011408744341214999,0.00036752589869578256,0,0,0,0,0,0,0,0,0,0,0,0,0,0,0,0,0,0,0,0,0,0,0.0005893835149961875,0,0,0,0,0,0
2.4162759276181625,0.3170019581675178,0.00019616439005998873,0.10834843316855985,0,20.53402581275872,31.478458495103748,2.7956972276197143,2.035550279814653,2.52356956872498,0.018986452979122756,0.5723362674482458,1.0380340257390546,0.24194349083249087,0.00023529138536712148,0.3629641072017066,0.24639571099068427,0.056058076178522535,0.048203854533054834,0.00850397546687749,0,0,0,0.0006269817064412471,0,0,0,0,0,0,0.0006914857680068287,0,0,2.509193649264193,0.12464964608606671,3.8646858727486992,3.179391034600341,0.062194013677231076,0.002278014580042546,0.000526280897575842,4.2648202896483945e-05,0,0,0,0,0,0,0.0004778394022715852,0.0004815500265306056,0.0003187209364252887,0,0,0.0009473567090242733,0.015866658096932683,0.003498760701094415,9.012510446616964e-05,0,0,0,0,0,0,0,0,0,0,0,0,0,0,0,0,0,0,0,0.0005437262638258325,0.01219971734298661,6.96540303297644e-05,0,4.1136355234442035e-05,0,0,0
0.3619126790367391,0.012822495547700903,0,0.013331000656147549,20.53402581275872,0,62.91031101689638,5.302594242858011,16.563439178220776,81.10639404577425,0.7518564293885238,0.650707176529214,3.889792953747298,4.754013047278278,0.03581854054646624,18.899013617872715,8.91961131973721,1.7574534809086366,1.462813545050448,0.2297830136590487,0,0,0.0006020387941961967,0.0039355866937828094,0.00026729156634576023,0,0,0,8.151246915420442e-05,0.00011993229649239744,0.02685739338784478,0.0019325120376557936,0.0007686786617018455,31.20438507513587,3.4270961955901833,25.008833419532635,42.31450044048192,1.7147183179511931,0.0016889035404110907,0.023701391125959644,0.000726332213667045,0,0,0,0,0,0.00012093215188529019,0.001959193509483777,0.0020949351699014996,0.004350722867713357,0.00038866596197779815,0,0.0006445592894635516,0.07409066208986777,0.051729821008274814,0.0011861822518545472,0,0,0.0001586819328003815,0,0,0,0,0,0,0,0,0,0,0,0,0,0,0,0.0001871966947733775,0.03780697066050594,0.06539118315604622,0.0004401120120832465,0,0.0001370659431326308,2.048953849494268e-05,0,3.5190516852336395e-05
3.719776217892808,0.277008546792411,0.009016311123577368,1.0649133898812138,31.478458495103748,62.91031101689638,0,174.2906320075154,80.42346151276821,13.664878737283583,0.3621382881488593,4.732858732420777,29.82966739014662,11.559932643013127,0.011720214621674153,1.9194767121761065,1.3242114724084564,0.5419252261713767,0.2546583460410001,0.09380644444173994,2.6966611231569504e-05,8.452929883230211e-05,0.0007872404610425476,0.002356444737211271,0.0005542235431966697,0,0,0,0,0,0.010733722884208268,4.147495426422739e-05,0.00023602542583968993,23.59608730796882,1.8760951769734515,52.8255837052104,24.229409463454267,1.044757936510069,0.009269651512385693,0.0074463582796186,0.0001785442770348724,0,0,0,8.532941218442155e-05,0,0.000152839491447287,0.015128775049094965,0.015216511141713615,0.015629158609442428,0.0006687219839824625,0,0.012367499375589243,0.31037533799669403,0.12430119919022266,0.00042340238265392295,0,0,3.093337770326753e-05,0,0,0,0,0,0,0,0,0,0,0,0,0,0,0,0.0004693204628648012,0.04489364678192266,0.24353936217655806,0.0019258235108970798,0,0.0009088096628114143,7.120055514021683e-05,0,5.59891222001695e-05
0.5839118994508106,0.0026478694181130153,0.010205655091305419,0.3665038609506702,2.7956972276197143,5.302594242858011,174.2906320075154,0,137.13893678790737,138.34910545891475,54.12147615566778,2.1695051015703366,40.05470289073722,29.573009164711657,0.03208650611501288,2.9987294598520027,2.8043927496682683,1.329689850133223,0.23309664182934328,0.18241913757319264,0,0,0.00016961901404576702,0.0009129575486819057,0.00025413974035155866,8.293977919476976e-05,0,0,5.2226382803336404e-05,6.242205280446479e-05,0.010410644363072985,0.0023242867141502225,0.00439237728341272,11.782859568958632,2.9162583325946563,65.66175801582494,11.080058089205847,0.8514947917529365,0.005064630543727389,0.012174910780394939,0.0004765709607621551,0,0,0,8.489521623334326e-05,3.4432269100779933e-05,0.00013713222921011602,0.004980626303669308,0.007347002577711317,0.011691262298289042,0.001059633990174266,0,0.0037842313418820824,0.16595201380790878,0.11260304223759367,0.001159016655652975,4.868262371906452e-05,0,0.00022219719075589382,0,0,0,0,0,0,0,0,0,0,0,0,0,0,0,0.000504970912555046,0.07464839090172282,0.16866313097666236,0.0008504127835566754,0,0.0005716729868365827,0.00010260734779611621,0,0.00012352040998102969
0.23018650683452685,0.0059041787639647954,0,0.007430845862442127,2.035550279814653,16.563439178220776,80.42346151276821,137.13893678790737,0,149.34294364537107,14.8335951030269,0.6267012127056442,35.75216356954034,102.9220780639333,0.1737025480511504,23.320409216742725,16.135358162324493,17.599840294109796,1.1987030183449239,1.498115411374322,0,0.00044174042495771635,0.0023590201032236964,0.003345906459983553,0.0018132350643058615,0,0,0,0.00012160037281413633,0.0001105971065675169,0.010895541260571073,0.0013601218114567188,0.0017707169051125302,34.36291905924317,11.15089028389983,96.98599974289654,50.03193289898745,4.087862278383986,0.00584135028902662,0.03502330623339068,0.00462389337120569,0,0,0,0,0,0.0005150883978582735,0.011554981217570906,0.01533775456646618,0.03177977687325048,0.0038721996323569144,1.7096395087663723e-05,0.002739500588206786,0.36675716779719225,0.3593924574758309,0.004510776527575497,5.66341082454463e-05,8.983456657006397e-05,0.0010825475779328991,0,2.5611079334833735e-05,0,0,0,0,0,0,0,0,0,0,0,0,0,0.002805991334855746,0.2841426176403223,0.3745011976575112,0.0037262936710150967,0,0.00040998405803028285,0.0006077233832003979,0,0.0009269394737320349
0.07754524368876613,0.0005701398373867876,0,0.0018613564124372298,2.52356956872498,81.10639404577425,13.664878737283583,138.34910545891475,149.34294364537107,0,177.35204703263958,0.18124312336484685,5.494136084846347,29.417850631629776,0.3169097902173466,198.18929198417356,74.53499670257429,25.3845095523897,8.289393207744777,2.640894785100454,4.875491108730469e-05,0.00032596324760365163,0.003640300775379778,0.011089627698905544,0.0010739853394903067,0.00015951070478513606,0,0,0.0006913597007062937,0.0025981225932827554,0.08769842518077849,0.018800355112514315,0.015542407180623694,103.900658144323,10.622375494871765,34.37685090558921,59.850250069073056,3.9573501073111608,0.002110738889812897,0.08404453917153068,0.011022470299866137,0,0,0,0,3.8950296096971e-05,0.00040906274512454417,0.0011348578313753125,0.0015153025548284512,0.00745486218944277,0.004284772677812333,0.00015480295048534207,0.00137849680912921,0.07856291278491208,0.12502979909310213,0.008220388448327778,0.00021908522394060282,0.00021856744560770118,0.001810536487492018,8.969351776113107e-05,0.00012949141985034394,0,0,0,0,0,0,0,0,0,0,0,0,0,0.0023431239507143028,0.1518045047055462,0.12196736580836703,0.0018502191785937907,3.6992125583015796e-05,9.807834747216117e-05,0.0001672170909877038,0,0.0015193099565573465
0.002444606211048168,3.9296011440603854e-05,0,0.00034105716117363897,0.018986452979122756,0.7518564293885238,0.3621382881488593,54.12147615566778,14.8335951030269,177.35204703263958,0,0.003933651313317736,0.24091482699368705,4.519753831981472,1.0987176698795265,90.38340199781787,32.4352164336967,86.62985736196373,1.962183828535648,5.252438361412339,0.0003333227677678123,0.0003254598270803814,0.003735585573504526,0.010414600121551015,0.001112729925793865,0.0006333749780084641,0,0,0.0010354221444975086,0.004312049188000743,0.09467694561748195,0.019788638437407708,0.031977899107775536,11.776150128413223,3.1822580271412555,8.421577589280213,7.377478804793446,1.0311544340841443,0.0004029796548920803,0.06735801122033602,0.0024619041810196437,0,0,0,0,0,0,0,2.2262865961989126e-05,3.661359840147747e-05,0.002684780301967918,0.003344924975441093,0,0.002079614416068617,0.006680379967953262,0.0032343489134931966,0.0006031427305415757,0,0.000540051378417922,0,0.00013066050533454707,0,0,0,0,0,0,0,0,0,0,0,0,0,0.00011823103416456258,0.014676519896918268,0.006160334806355841,0.00010064560105659928,0,0,0,0,0.00024466852270607777
0.395030338858142,0.0009400773707638315,0.0003795159696454698,0.15517613730443333,0.5723362674482458,0.650707176529214,4.732858732420777,2.1695051015703366,0.6267012127056442,0.18124312336484685,0.003933651313317736,0,3.7907678907306797,0.14808033536174225,0.030139700884969756,0.026717140021356438,0.014248631754603147,0.005752094725294159,0.0022360222681122107,0.004599615584050594,0,0,0,0,0,0,0,0,0,0,0,0,0,1.183491387064635,0.02881681449356234,9.285886835786348,1.2495117996389093,0.012084823831134413,0.2761140485602117,0.0025540661433071797,0,0.0005409311281292346,0,0,0.0004928131671809097,0.0008899890583586642,0.00024966449552907266,0.01166361261482215,0.00811907071844572,0.003426015025164303,0.00022856165200101742,0,0.3152250141651138,0.44737378704192987,0.01667231833646978,7.520912703476622e-05,0,0,0,0,0,0,0,0,0,0,0,0,0,0,0,0,0,0,0.001395885777038196,0.004070199139150735,0.5749681570507493,0.003270218997951482,0,0.04543814795586348,0,0,0
0.26263041222460565,0.00012647461906749495,0,0.04516230801600633,1.0380340257390546,3.889792953747298,29.82966739014662,40.05470289073722,35.75216356954034,5.494136084846347,0.24091482699368705,3.7907678907306797,0,14.371108870866658,0.11810933551585186,0.4872167958590213,0.3417673958428026,0.3787100520190214,0.0489504367980705,0.07223787297169576,0,0,0,0.001596493838098766,0,0.002672823054709704,0,0,2.6691052285368505e-05,2.938043972076876e-05,0.0010203647144805224,2.9900476431753158e-05,0.00018446127307484891,4.307360190517807,4.378428819792367,141.42420837302618,5.219058702391472,0.35874274876922796,0.2688859110993462,0.033419817151625585,4.317635874401348e-05,0.0017509567404468721,0,0,0.004114478684805299,0.008073393716915327,0.017351331775767427,0.30327942629346116,0.3433514152630189,0.47101895770656954,0.057450564584258325,0.002739120036577138,0.5096792812420613,3.5367733044688157,2.1353604309533143,0.0182303795030786,0.003347880710602722,0.00192520843584824,0.009117598640129398,1.1614180826464509e-05,0.000609747876879432,0,0,0,0.00030268818126107924,0,0,0,0,0,0,0,0,0,0.06955623311664277,2.1033866105750123,8.56373655238325,0.09548915184265742,0.0013077620480573795,0.11209463680381485,0.008411579748372418,0,0.010866963652564223
0.01980498365542879,0,0,0.006754330844767092,0.24194349083249087,4.754013047278278,11.559932643013127,29.573009164711657,102.9220780639333,29.417850631629776,4.519753831981472,0.14808033536174225,14.371108870866658,0,71.579290428249,10.81418042016039,24.002425811448077,43.17052238659122,4.678348773254535,15.955305659674519,0.0034984528575065336,0.005706801942060769,0.0638208903892423,0.8145103946032514,0.022989586822853316,0.1757302074442346,0,0,0.023732810212499438,0.05281671468900563,0.3926252537825458,0.12630923089595403,0.1824621997787596,30.594219113027368,153.79426041870641,286.0541915857715,18.131605436550483,2.2254854358612577,0.15976829017598937,35.00128154945547,0.007256605839207938,0.00019361670839479494,0,0,0,0.001851506154974106,0.016023622027978957,0.11034090281611471,0.16082177873801043,0.4269237255960256,0.07682077906284765,0.0036027898460374744,0.007031535861940835,2.1128528107902835,4.009688399968773,8.076641183232606,0.0058135821549337345,0.007171462913923324,0.045942373205258555,0.0032190067222287546,0.026057475734637875,0,0,3.020041452361817e-05,0.018849508911593527,0,0.0023799398071717376,0,0,0,0,0,3.5727220864583125e-05,0,0.07732379764000481,27.970403008226633,5.986502986987242,0.09909226690329359,0.006235176655183402,0.043320457545149044,1.9026330622676557,0,4.514443052485181
0.0014800896108756304,0,0,0.002624506433739873,0.00023529138536712148,0.03581854054646624,0.011720214621674153,0.03208650611501288,0.1737025480511504,0.3169097902173466,1.0987176698795265,0.030139700884969756,0.11810933551585186,71.579290428249,0,0.7774672682045737,7.193574627869708,37.79184812504964,18.383800360291154,125.5280968542346,0.10077091872650348,0.08650634944396826,1.1579182910888115,7.058576986032972,0.4363793459760563,2.2237521669840965,0,0,0.3223888335267909,0.4448276136376267,1.490196923791839,0.6777297127044332,0.7064125955708235,6.288426536297165,86.25689544371176,8.715016320616298,2.366143696329787,0.8079781793361189,0.005418612032533185,72.48913648077651,0.010204099386047626,0,0,0,0,0,4.4225500082415756e-05,0.00016902388560067485,0.0006910142078983173,0.0023454614319674836,0.0027527009809163307,0.0010043427655831159,0,0.009634523592783129,10.475489128079472,34.08768554158817,0.0009736099068511875,0.019062508847995825,0.20483600579328098,0.11331328187789215,0.5811988557376088,0.0006093440158901344,0.0004338717854509607,0.008594643116806432,0.04444579331325219,0.00035436125167077475,0.0018686523995024536,0,0,0.0009911270342088162,0.0001534388463465505,0.0018088639053948823,0.006659060608365639,0.00026305448596737537,0.02807358073353312,5.043947874232483,0.16938472727582798,0.007510382274412366,0.0007004082463738365,0.0005739999452392581,1.1124308679747863,0,4.9653258306030486
0.009035615722988397,9.471486230477762e-05,0,0.000321866023836537,0.3629641072017066,18.899013617872715,1.9194767121761065,2.9987294598520027,23.320409216742725,198.18929198417356,90.38340199781787,0.026717140021356438,0.4872167958590213,10.81418042016039,0.7774672682045737,0,220.6428131686832,35.88658196806984,22.26233574224998,12.870550564963638,0.00045530718747066796,0.0005910901735404991,0.004893274858297374,0.009041791138395127,0.0010906046191743728,0.00013855063041471677,0,0,0.0008836055141801492,0.0037722252774616103,0.1915424166340612,0.027011878595578086,0.016172852156454757,37.64450706085206,4.464582639226483,7.986196824325679,19.59342697423541,1.6354442002913727,0.0004511419502485747,0.06654156878533042,0.007356929603362163,0,0,0,0,0,2.9210038411265982e-05,2.4367343883694458e-05,9.425410976550163e-05,0.0006854466079813995,0.00032800763842756787,0.0006639092571265829,2.1088346595726456e-05,0.00660504745185416,0.020439497302424364,0.0024413737575406714,0,5.0814687664329104e-05,0.0003430226616093017,5.614908575409738e-05,0,0,0,0,0,0,0,0,0,0,0,0,0,0,0.0003454988997292028,0.037579583439382225,0.019455223884753382,0.0002159321680061048,0,0,0,0,0.0002766822938076251
0.02446843957642942,0.00014624133009745016,0,0.0001883182664181556,0.24639571099068427,8.91961131973721,1.3242114724084564,2.8043927496682683,16.135358162324493,74.53499670257429,32.4352164336967,0.014248631754603147,0.3417673958428026,24.002425811448077,7.193574627869708,220.6428131686832,0,55.754154326875394,274.1231858250248,45.28991858647774,0.046560856261210065,0.19122495261018493,1.0402027824227633,2.134567624819834,0.5574099893153418,0.09942475144904034,0,0,0.4517045100366163,1.0190859895046045,18.922238953880928,5.614992091766697,0.5323662798637984,90.7403410744447,23.808922216243914,21.060708390288372,44.495263536591324,6.2263828731797615,0.0008421185722970418,3.6828785748996227,0.06270183473384044,0,0,0,0,0,0.00012761096372513846,0,0.00018373038499355,0.0010887837612209607,0.0007364577189596065,3.490722637612629e-05,0,0.006944259334930472,0.02776258914235798,0.03440776580048588,9.735424430524807e-05,0.0009515127707335765,0.0040833440195371514,0.0005450476126660602,0.001203853899930221,0,0,0,0,0,0,0,0,0,0,0,3.595505094879061e-05,0,0.0016441396045337375,0.10562080202814222,0.029977643350071588,0.0008640299920436084,4.5207392819937984e-05,0,0.0007573333043847983,0,0.013520753841613284
0.011789168882878263,0.000296399106077149,0,0.00027321961437362793,0.056058076178522535,1.7574534809086366,0.5419252261713767,1.329689850133223,17.599840294109796,25.3845095523897,86.62985736196373,0.005752094725294159,0.3787100520190214,43.17052238659122,37.79184812504964,35.88658196806984,55.754154326875394,0,102.81998027038257,613.843979270348,51.631629170206665,91.46700709931854,27.541352196009083,11.089450441204486,2.026773053884139,0.1783130145324805,4.0660512298616195e-05,0,1.2447973600550393,1.6633148125265669,5.729711973742262,2.3875463673979405,1.24845422515288,38.93353717323323,25.99846333784633,31.49443051641683,32.11419697964315,6.592702017425177,0.0012689319880520176,7.091437612647714,0.05732153803178922,0,0,0,0,0,0,0,9.65754028560936e-05,0.0009369486066019713,0.0008713363281995033,0.00042557461287039047,1.4303859788004422e-05,0.009479988766965352,0.038974312216042424,0.12006808053525041,1.6843534649976084e-05,0.0009146835366605396,0.011604696647518929,0.0015619813918360554,0.006452596151731413,0.0028569268928719353,0,6.864423230768488e-05,0.0002778749799919476,0,0,0,0,0,0,3.2348088030943926e-05,0.00016471355676331818,0,0.0016732865547103067,0.11902036238766021,0.036347088800936324,0.0007573435425502485,3.767684976145107e-05,0,0.003622145000808181,0,0.02303490845673588
0.0023642354625068953,3.088814886591799e-05,0,0,0.048203854533054834,1.462813545050448,0.2546583460410001,0.23309664182934328,1.1987030183449239,8.289393207744777,1.962183828535648,0.0022360222681122107,0.0489504367980705,4.678348773254535,18.383800360291154,22.26233574224998,274.1231858250248,102.81998027038257,0,264.9520657429604,11.90309669749084,66.32298551836656,66.7307770110103,80.21581220009516,25.284480106011507,2.1409787533320856,0.0011996883650924955,0.000784710877349496,12.2393222618017,21.797275771468616,100.95983697429446,40.11286699152076,8.11018389446108,44.898378960720876,25.954433026225196,11.675407465760674,14.400479940613424,3.5588682848627244,0.00039076958856305686,44.477557942287966,0.06329636282201315,0,0,0,0,0,0,0,0,0,2.8007717384646565e-05,0,0,0.0007593181417528929,0.008543385312584955,0.08212276714065882,0,0.00018172030987326226,0.003126986139416091,0.001050833268228546,0.0034812306277329074,0,0,0.00010535607568139748,0.0002338522158333524,0,0,0,0,0,0,0,1.9898065157261227e-05,0,0.0007251558798858138,0.07357293848882117,0.009950420515969236,0.00018016734960119287,0,0,0.003955460679647894,0,0.04664064693351522
0.002209070604162015,0,0,0.0005381878360819774,0.00850397546687749,0.2297830136590487,0.09380644444173994,0.18241913757319264,1.498115411374322,2.640894785100454,5.252438361412339,0.004599615584050594,0.07223787297169576,15.955305659674519,125.5280968542346,12.870550564963638,45.28991858647774,613.843979270348,264.9520657429604,0,6.5861660720143895,12.9633468223647,68.81339135018911,18.086999692834144,3.626065159907295,1.172279701530953,0,0,5.588482086933902,8.463123164366126,17.692520729906562,5.697527600618897,2.8559536609961107,15.76581868318207,29.763735051677486,13.371208497384918,7.642421545668208,2.545842882643734,0.0003523938253503859,54.15863412119795,0.030616673536591855,0,0,0,0,0,0,0,0,0,0,0,0,0.00041369209814284873,0.028010212411897255,0.5732808839534175,0,0.00039957001713019334,0.008580358905547052,0.0036303496277840575,0.04017168223392143,0,0,0.00034107213697870945,0.0016144903358716555,0,0,0,0,0,0,8.878440681528703e-05,0.00016126473532711375,0,0.0015934933572100255,0.13564913091828365,0.009522858157529792,0.0002993191164825535,1.4653926785054754e-05,0,0.029674784681110754,0,0.08418794418537436
0,0,0,0,0,0,2.6966611231569504e-05,0,0,4.875491108730469e-05,0.0003333227677678123,0,0,0.0034984528575065336,0.10077091872650348,0.00045530718747066796,0.046560856261210065,51.631629170206665,11.90309669749084,6.5861660720143895,0,28.861940655885448,44.04544789074499,2.2574784016192373,0.937043622713635,0.00469494764198802,0,0,0.4322579116982754,0.3079768193596951,0.26686624588608204,0.03308930469462236,0.006470531909899707,0.02228265304935041,0.0271910534915824,0.004833355203745628,0.004171692221438796,0.0005471072426376555,0,0.12831799673590696,0,0,0,0,0,0,0,0,0,0,0,0,0,0,0,7.499662148822666e-05,0,0,0.004191273964496259,0.00015815209587048148,0,0.005749702967926921,0.0031623473972995204,0.001738749284222304,0.0004725980040977495,0,0,0,0,0,0,0,0,0,0,0,0,0,0,0,0,0,0
0,0,0,0,0,0,8.452929883230211e-05,0,0.00044174042495771635,0.00032596324760365163,0.0003254598270803814,0,0,0.005706801942060769,0.08650634944396826,0.0005910901735404991,0.19122495261018493,91.46700709931854,66.32298551836656,12.9633468223647,28.861940655885448,0,328.25410155013526,33.190016580325455,15.023695407884759,0.04121162277096871,0,0,3.607041317095422,2.366990619120069,1.6915313919138217,0.14411102985284968,0.03264475564787409,0.08864857423171006,0.07810945134900181,0.011139604552909105,0.01797876228632904,0.0038870190607529207,0,0.4938921872328513,1.963185206642635e-05,0,0,0,0,0,0,0,0,0,0,0,0,0,0,8.502738106859185e-05,0,0,0.00040234169915080205,0,5.1685815842340534e-05,0.005172831097523887,0.0007839705914374898,0,0.002194418170980791,0,0,0,0,0,0,0,0,0,0,0,0,0,0,0,0,0,0
0,0,0,0,0,0.0006020387941961967,0.0007872404610425476,0.00016961901404576702,0.0023590201032236964,0.003640300775379778,0.003735585573504526,0,0,0.0638208903892423,1.1579182910888115,0.004893274858297374,1.0402027824227633,27.541352196009083,66.7307770110103,68.81339135018911,44.04544789074499,328.25410155013526,0,389.1941215331876,266.0572909762453,1.4245207401327251,7.224438216346812e-05,0.0003124756710696325,21.676060096150596,13.461551065060306,23.854533810761147,1.7664102009075442,0.4305392441024915,0.8901312149135887,0.9904427344137577,0.14986330735017958,0.20236319809083744,0.04459736865000149,0,10.210723106562531,0.002874274470352454,0,0,0,0,0,0,0,0,0,0,0,0,0,0,0.002526697204580405,0,0,0.000716215540024037,3.323745307329045e-05,0.00031455691732063456,0.0032876919158194577,0.0011001325958806237,5.403125624696079e-05,0.0060994264008921596,0,0,0,0,0,0,0,0,0,6.821848450662182e-05,0.00170639102242996,0.00012915039905045416,0,0,0,0.0008837861318832723,0,0.0021825430632780697
0,0,0,0,0.0006269817064412471,0.0039355866937828094,0.002356444737211271,0.0009129575486819057,0.003345906459983553,0.011089627698905544,0.010414600121551015,0,0.001596493838098766,0.8145103946032514,7.058576986032972,0.009041791138395127,2.134567624819834,11.089450441204486,80.21581220009516,18.086999692834144,2.2574784016192373,33.190016580325455,389.1941215331876,0,61.23109318879295,5.622296890220117,0,0,33.030856870717884,28.680236724372,37.49625112964762,4.091553752981976,1.524739717409281,4.0563342579193025,5.130761396161722,0.4974868247684049,0.8124847082591956,0.21887398600914135,0,40.052950257041445,0.004031956042468753,0,0,0,0,0,0,0,0,0,0,0,0,0,0.08558784380121659,0.16298725055688196,0,0,0.0033476253411409748,0.0014569291517560119,0.00534272074205156,0.0014889130632301573,0.0015395755149752322,0.002036567006584788,0.005182700061945539,0.0001567453947320046,0,0,0,0,0,0,0,0,0,0.02428286872708962,0.0002875442771188191,0,0,0,0.006003368888381001,0,0.025260787835976156
0,0,0,0,0,0.00026729156634576023,0.0005542235431966697,0.00025413974035155866,0.0018132350643058615,0.0010739853394903067,0.001112729925793865,0,0,0.022989586822853316,0.4363793459760563,0.0010906046191743728,0.5574099893153418,2.026773053884139,25.284480106011507,3.626065159907295,0.937043622713635,15.023695407884759,266.0572909762453,61.23109318879295,0,3.5186729836288038,0.02971938676191161,0.0076762373634802475,73.81504722649643,42.389520409107625,54.644624559720484,3.578129435581682,0.6314059242909585,1.1269431479411647,0.7685669293284523,0.11093679538830147,0.18812927927492792,0.03205489372774302,0,13.332893127664182,0.05327617897837812,0,0,0,0,0,0,0,0,0,0,0,0,0,0,0.0006858270687879429,0,0,0,0,0,0,0,0,0,0,0,0,0,0,0,0,0,0,0,0.0014068006909873224,0,0,0,0,0.0005339465668237003,0,0.001719679454708611
0,0,0,0,0,0,0,8.293977919476976e-05,0,0.00015951070478513606,0.0006333749780084641,0,0.002672823054709704,0.1757302074442346,2.2237521669840965,0.00013855063041471677,0.09942475144904034,0.1783130145324805,2.1409787533320856,1.172279701530953,0.00469494764198802,0.04121162277096871,1.4245207401327251,5.622296890220117,3.5186729836288038,0,0.11090509415855009,0.000898278854084613,3.1942801023064744,3.0068738190352717,3.9749168522401686,0.9827300052549199,0.23227931371867652,0.5292101005441199,1.053130094516723,0.049009624681740874,0.14898630023968468,0.06126675806812134,0.0005136208702779692,8.878742961769936,0.014860894913008555,0,0,0,0,0,0,0,0,0,0,0,0,0,0.009657846598973995,0.0036988277412235756,0,0,0,0,0.0002112740357483559,0,0,0,0,0,0,0,0,0,0,0,0,0,0,0.0021086660273457432,0,0,0,0,0.00014553304609932232,0,0.13249776851410486
0,0,0,0,0,0,0,0,0,0,0,0,0,0,0,0,0,4.0660512298616195e-05,0.0011996883650924955,0,0,0,7.224438216346812e-05,0,0.02971938676191161,0.11090509415855009,0,0.0008824261881213297,0.0178486045744529,0.0037128612940929375,0.0010626009647522504,0.012834727178729036,0.0001655912110717206,0.041644399795394034,0,0,0.0026252806930882077,0,0,0.08821471965417525,0.008360118490486389,0,0,0,0,0,0,0,0,0,0,0,0,0,0,0,0,0,0,0,0,0,0,0,0,0,0,0,0,0,0,0,0,0,0,0,0,0,0,0,0,0,0
0,0,0,0,0,0,0,0,0,0,0,0,0,0,0,0,0,0,0.000784710877349496,0,0,0,0.0003124756710696325,0,0.0076762373634802475,0.000898278854084613,0.0008824261881213297,0,0.0066845741575490975,0.010638032890043812,0.001510783506090923,0.03293901686787923,0,0.08187038615621038,0,0,0.004240799478411906,0,0,0.01075836074313018,0.05272810888637321,0,0,0,0,0,0,0,0,0,0,0,0,0,0,0,0,0,0,0,0,0,0,0,0,0,0,0,0,0,0,0,0,0,0,0,0,0,0,0,0,0,0
0,0,0,0,0,8.151246915420442e-05,0,5.2226382803336404e-05,0.00012160037281413633,0.0006913597007062937,0.0010354221444975086,0,2.6691052285368505e-05,0.023732810212499438,0.3223888335267909,0.0008836055141801492,0.4517045100366163,1.2447973600550393,12.2393222618017,5.588482086933902,0.4322579116982754,3.607041317095422,21.676060096150596,33.030856870717884,73.81504722649643,3.1942801023064744,0.0178486045744529,0.0066845741575490975,0,38.13905923365374,50.60838761886689,2.5242583824487053,0.3858283703718961,1.0677536172820836,0.8271404684801806,0.12198501358768475,0.266667730552568,0.04254645105004235,0,10.188244688367048,0.14677957176250922,0,0,0,0,0,0,0,0,0,0,0,0,0,0,0.0003940628138043861,0,0,0,0,6.844381528756376e-05,0,0,0,0,0,0,0,0,0,0,0,0,0,0,0.0005303706746237521,0,0,0,0,0,0,0.002779802101044692
0,0,0,0,0,0.00011993229649239744,0,6.242205280446479e-05,0.0001105971065675169,0.0025981225932827554,0.004312049188000743,0,2.938043972076876e-05,0.05281671468900563,0.4448276136376267,0.0037722252774616103,1.0190859895046045,1.6633148125265669,21.797275771468616,8.463123164366126,0.3079768193596951,2.366990619120069,13.461551065060306,28.680236724372,42.389520409107625,3.0068738190352717,0.0037128612940929375,0.010638032890043812,38.13905923365374,0,47.784418650326494,3.0744874060639296,0.7658898033824771,1.7956719786869022,1.807322275133103,0.2527550695034452,0.5982163820954316,0.10380738336643429,0,11.514117642839325,0.02820138009692399,0,0,0,0,0,0,0,0,0,0,0,0,0,0,0.0003339520096869579,0,0,0,0,0,0,0,0,0,0,0,0,0,0,0,0,0,0,0,0.0008892691833268451,0,0,0,0,0,0,0.016720433968717
5.663803955713078e-05,0,0,0,0.0006914857680068287,0.02685739338784478,0.010733722884208268,0.010410644363072985,0.010895541260571073,0.08769842518077849,0.09467694561748195,0,0.0010203647144805224,0.3926252537825458,1.490196923791839,0.1915424166340612,18.922238953880928,5.729711973742262,100.95983697429446,17.692520729906562,0.26686624588608204,1.6915313919138217,23.854533810761147,37.49625112964762,54.644624559720484,3.9749168522401686,0.0010626009647522504,0.001510783506090923,50.60838761886689,47.784418650326494,0,23.6110241272816,5.9467487042365486,8.417981495659225,7.486165043331142,1.49532382716283,1.9848555106780088,0.584396557022192,0,22.217318815270236,0.02000499511767248,0,0,0,0,0,0,0,0,0,0,0,0,0,9.042854593181826e-05,0.0032470399474869615,0,0,3.230915728349324e-05,0,3.689244648022963e-05,0,0,0,0,0,0,0,0,0,0,0,0,0,0,0.006757335237898289,0.0003463992584571681,0,0,0,0.0007881506724787054,0,0.038910530802755756
0,0,0,0,0,0.0019325120376557936,4.147495426422739e-05,0.0023242867141502225,0.0013601218114567188,0.018800355112514315,0.019788638437407708,0,2.9900476431753158e-05,0.12630923089595403,0.6777297127044332,0.027011878595578086,5.614992091766697,2.3875463673979405,40.11286699152076,5.697527600618897,0.03308930469462236,0.14411102985284968,1.7664102009075442,4.091553752981976,3.578129435581682,0.9827300052549199,0.012834727178729036,0.03293901686787923,2.5242583824487053,3.0744874060639296,23.6110241272816,0,9.34134874259901,4.709854693679072,5.136310193943394,0.6463682617260469,2.048299430681062,0.35643306781025746,0,11.964434348069062,0.19813349263604765,0,0,0,0,0,0,0,0,0,0,0,0,0,0,0.0006088226881522991,0,0,7.75778886747394e-05,2.3121762998480696e-05,0,0,0,0,0,0,0,0,0,0,0,0,0,0,0,0.003959087597290108,0.00034874087240912064,0,0,0,0.00017442503488494356,0,0.04996259990838417
0,0,0,0,0,0.0007686786617018455,0.00023602542583968993,0.00439237728341272,0.0017707169051125302,0.015542407180623694,0.031977899107775536,0,0.00018446127307484891,0.1824621997787596,0.7064125955708235,0.016172852156454757,0.5323662798637984,1.24845422515288,8.11018389446108,2.8559536609961107,0.006470531909899707,0.03264475564787409,0.4305392441024915,1.524739717409281,0.6314059242909585,0.23227931371867652,0.0001655912110717206,0,0.3858283703718961,0.7658898033824771,5.9467487042365486,9.34134874259901,0,1.1466618215800972,3.9853468091979183,0.8353203657141569,1.2242107739673305,0.4162234999526387,0,5.836416484475409,0.0253156994897291,0,0,0,0,0,0,0,0,0,0,0,0,0,0,0.0008858525682369036,0,0,0,0,0,0,0,0,0,0,0,0,0,0,0,0,0,0,0,0.004012534538450357,5.730144685303047e-05,0,0,0,0,0,0.013094034194392961
2.644533550445287,0.007967837214868326,0,0.14682939314954332,2.509193649264193,31.20438507513587,23.59608730796882,11.782859568958632,34.36291905924317,103.900658144323,11.776150128413223,1.183491387064635,4.307360190517807,30.594219113027368,6.288426536297165,37.64450706085206,90.7403410744447,38.93353717323323,44.898378960720876,15.76581868318207,0.02228265304935041,0.08864857423171006,0.8901312149135887,4.0563342579193025,1.1269431479411647,0.5292101005441199,0.041644399795394034,0.08187038615621038,1.0677536172820836,1.7956719786869022,8.417981495659225,4.709854693679072,1.1466618215800972,0,82.0277758489042,88.97753905948187,190.13699502739982,20.090888648063807,0.027298276265047633,34.19139411693463,3.862976321812123,0,0,0,0,7.344462431622376e-05,0.00036077155553516634,0.0020352937570301305,0.002233495515093177,0.0060844406071926885,0.002887928421505649,0.00017071809424550473,0.001611929927326487,0.08376783128082191,0.14722375569281507,0.04476683976999467,0.00011933382664335554,0.0008239575460947282,0.006547595227475434,0.0019992487014252086,0.0028300116247809747,0,0,1.4982383207246271e-05,0,0,0,0,0,0,0,6.151779543913576e-05,6.950821233781482e-05,0,0.004924573496159468,0.42343684811502813,0.15896659128859272,0.0031974034129605713,2.6208194827616704e-05,9.365268343265447e-05,0.0067313536693390675,0,0.4910667600077856
0.043250992159423705,0,0,0.00017400016068466927,0.12464964608606671,3.4270961955901833,1.8760951769734515,2.9162583325946563,11.15089028389983,10.622375494871765,3.1822580271412555,0.02881681449356234,4.378428819792367,153.79426041870641,86.25689544371176,4.464582639226483,23.808922216243914,25.99846333784633,25.954433026225196,29.763735051677486,0.0271910534915824,0.07810945134900181,0.9904427344137577,5.130761396161722,0.7685669293284523,1.053130094516723,0,0,0.8271404684801806,1.807322275133103,7.486165043331142,5.136310193943394,3.9853468091979183,82.0277758489042,0,56.876875341629734,121.04452369488801,69.26716224485317,1.307507506180052,86.76830310324603,8.721318112527785,3.911924255312001e-05,0,0,0,0.0010112695432308734,0.019605151500909496,0.07357922134796432,0.13560927704934947,0.5364997092813502,0.1709194799680701,0.01834206409045773,0.0024042941589909692,2.186420881456281,32.62202377794123,5.769835126385207,0.02419298450389854,0.05808634530028037,0.2440682684406168,0.09869250548826877,0.17060702415466217,5.6535499522494576e-05,0,0.0030926666653558164,0.007721897984231637,0.00023361240893582743,0.0009589082550089551,0,0,0.0002953316996665804,0.00038484286120022814,0.004410282261164489,0.014248336699580054,0.005261119309633007,0.28925407416808885,115.66484422402779,8.748878829526967,0.2878681430083671,0.2152215711304262,0.253860735572307,1.8949943946474612,0.04180812812684875,44.48952971331331
2.692409835459428,0.0060371684095423366,0.0007611068804275558,0.3933680363025518,3.8646858727486992,25.008833419532635,52.8255837052104,65.66175801582494,96.98599974289654,34.37685090558921,8.421577589280213,9.285886835786348,141.42420837302618,286.0541915857715,8.715016320616298,7.986196824325679,21.060708390288372,31.49443051641683,11.675407465760674,13.371208497384918,0.004833355203745628,0.011139604552909105,0.14986330735017958,0.4974868247684049,0.11093679538830147,0.049009624681740874,0,0,0.12198501358768475,0.2527550695034452,1.49532382716283,0.6463682617260469,0.8353203657141569,88.97753905948187,56.876875341629734,0,129.7085024345095,27.529201864495867,0.7305009387683338,4.699832038228566,0.09271430624691944,0.00317588500073434,0,0,0.0015256686279092407,0.018479758210892868,0.04674922380916906,0.48576910950071034,0.5771637061798734,0.9621559798526018,0.1997479845320503,0.017967243641338088,1.1757695252726221,16.912655560758385,13.252118974201624,0.7003183791881065,0.02355374386792337,0.025268357658011612,0.12814410563247192,0.015466902972650612,0.032504937000389734,0,6.137445922417946e-05,0.00026292413850389866,0.00018307224363376813,0,0,0,0,0,5.1638072316825836e-05,0.00037987658160074176,0.0008356387379018966,0.00024883042400207955,0.2260157981519973,15.444459818692716,21.235597835012328,0.3098891307865712,0.04192875552582559,0.5388738508781626,0.0718560660009153,0.00039692950429692753,0.13419273190129158
7.452767672072871,0.006722630597855036,0.0004090113938822803,0.4863407127116743,3.179391034600341,42.31450044048192,24.229409463454267,11.080058089205847,50.03193289898745,59.850250069073056,7.377478804793446,1.2495117996389093,5.219058702391472,18.131605436550483,2.366143696329787,19.59342697423541,44.495263536591324,32.11419697964315,14.400479940613424,7.642421545668208,0.004171692221438796,0.01797876228632904,0.20236319809083744,0.8124847082591956,0.18812927927492792,0.14898630023968468,0.0026252806930882077,0.004240799478411906,0.266667730552568,0.5982163820954316,1.9848555106780088,2.048299430681062,1.2242107739673305,190.13699502739982,121.04452369488801,129.7085024345095,0,31.886363148048847,0.2247003504550727,21.889462221807356,5.006962300378364,0.00016002465455208057,0,0,0,0.00012951534818014243,0.00010128768379701667,0.0013335213065729498,0.0011643590967623844,0.0032869430531629034,0.0011979900215215611,6.147868679272294e-05,0.007709897750293075,0.05232657028917986,0.10804045457907015,0.027447675348672516,6.863156463194789e-05,0.0002621989830171812,0.0048374066357007375,0.0013957494858532424,0.0018357393703025855,0,0,4.8012600569975994e-05,0,0,0,0,0,0,0,0,0,0,0.002165925929552697,0.4191831063607207,0.14431118605334978,0.004149177848433036,0.0014030747911931195,0.0027206779083517154,0.005781922036783528,0.00023841940593534873,1.2387771206192546
0.03628502504862239,0,0,0.0003496047011321313,0.062194013677231076,1.7147183179511931,1.044757936510069,0.8514947917529365,4.087862278383986,3.9573501073111608,1.0311544340841443,0.012084823831134413,0.35874274876922796,2.2254854358612577,0.8079781793361189,1.6354442002913727,6.2263828731797615,6.592702017425177,3.5588682848627244,2.545842882643734,0.0005471072426376555,0.0038870190607529207,0.04459736865000149,0.21887398600914135,0.03205489372774302,0.06126675806812134,0,0,0.04254645105004235,0.10380738336643429,0.584396557022192,0.35643306781025746,0.4162234999526387,20.090888648063807,69.26716224485317,27.529201864495867,31.886363148048847,0,0.4165533285178543,9.51360102716741,2.618985004228924,0,0,0,0,0,0,0,0,0.000255114032565392,5.172671879512721e-05,0,0,0.0012979577561980243,0.01437782945158919,0.005178906579666696,0,3.5184243733952584e-05,0.0008705877559970686,0.00016075798146900557,5.115758616584137e-05,0,0,0,0,0,0,0,0,0,0,0,0,0,0.00023804762937677383,0.5483874864967516,0.03324270078824133,0.0007849570929314319,0.08114486471920843,0.04564560701588695,0.01431716004096491,0.008260289538327822,3.605555835546817
0.1398686038080586,0,0,0.04860323091119901,0.002278014580042546,0.0016889035404110907,0.009269651512385693,0.005064630543727389,0.00584135028902662,0.002110738889812897,0.0004029796548920803,0.2761140485602117,0.2688859110993462,0.15976829017598937,0.005418612032533185,0.0004511419502485747,0.0008421185722970418,0.0012689319880520176,0.00039076958856305686,0.0003523938253503859,0,0,0,0,0,0.0005136208702779692,0,0,0,0,0,0,0,0.027298276265047633,1.307507506180052,0.7305009387683338,0.2247003504550727,0.4165533285178543,0,0.15273679084211905,0.07036850759993052,4.0401833576043926e-05,0,0,0,5.8668057399473644e-05,0,0.0035598700216015106,0.0026009533467580147,0.001779205756339975,0.00015249368906369843,2.6372819835535205e-05,0.14868457966293794,0.2505427730854581,0.1111445304684895,0.0018245165446372062,0,0,7.901385363527137e-05,0,0,0,0,0,0,0,0,0,0,0,0,0,0,0,0.00035341092443207876,0.8220411161810103,0.4225766416941006,0.006704468750807669,0.06622475314501627,0.10523620583665709,0.0018719188431845794,0.007419548448423131,0.06171602108886423
0.0001459564070248782,0,0,0.000148669614491257,0.000526280897575842,0.023701391125959644,0.0074463582796186,0.012174910780394939,0.03502330623339068,0.08404453917153068,0.06735801122033602,0.0025540661433071797,0.033419817151625585,35.00128154945547,72.48913648077651,0.06654156878533042,3.6828785748996227,7.091437612647714,44.477557942287966,54.15863412119795,0.12831799673590696,0.4938921872328513,10.210723106562531,40.052950257041445,13.332893127664182,8.878742961769936,0.08821471965417525,0.01075836074313018,10.188244688367048,11.514117642839325,22.217318815270236,11.964434348069062,5.836416484475409,34.19139411693463,86.76830310324603,4.699832038228566,21.889462221807356,9.51360102716741,0.15273679084211905,0,2.8500522635345216,0,0,0,0,0,5.9375603941637464e-05,7.824922036156452e-05,1.619372900862637e-05,0.0012117036872957546,0.00040237429576798047,0,0,0.005850365158219498,2.724211775196547,2.22865638382613,0,0.0017818746139681078,0.015786143107726667,0.01689074223805694,0.0531492693184864,0,0,0.000775851303791378,0.009111467516578719,0.0001468540993368851,0.00024553796721111214,0,0,0.00014294200288616078,3.6915558618605855e-05,0.00041007986406663187,0.002280268777591992,0.001028076359700552,0.016145297269698478,3.832893014430167,0.07315505923308334,0.0032583152312257967,0.02802241361529007,0.0037548184511389995,0.7970315448437668,0.019992949712756412,14.563572299375522
0.001961835111579284,0,0,0,4.2648202896483945e-05,0.000726332213667045,0.0001785442770348724,0.0004765709607621551,0.00462389337120569,0.011022470299866137,0.0024619041810196437,0,4.317635874401348e-05,0.007256605839207938,0.010204099386047626,0.007356929603362163,0.06270183473384044,0.05732153803178922,0.06329636282201315,0.030616673536591855,0,1.963185206642635e-05,0.002874274470352454,0.004031956042468753,0.05327617897837812,0.014860894913008555,0.008360118490486389,0.05272810888637321,0.14677957176250922,0.02820138009692399,0.02000499511767248,0.19813349263604765,0.0253156994897291,3.862976321812123,8.721318112527785,0.09271430624691944,5.006962300378364,2.618985004228924,0.07036850759993052,2.8500522635345216,0,0,0,0,0,0,0,0,0,0,0,0,0,0,0,0,0,0,0,0,0,0,0,0,0,0,0,0,0,0,0,0,0,0,0,0.1413489911569624,9.826237715254947e-05,0,0.010509710044940076,0.0013198223512821245,0.011784707260238487,0.0048206941473544745,1.1566990631888592
0,0,0,0,0,0,0,0,0,0,0,0.0005409311281292346,0.0017509567404468721,0.00019361670839479494,0,0,0,0,0,0,0,0,0,0,0,0,0,0,0,0,0,0,0,0,3.911924255312001e-05,0.00317588500073434,0.00016002465455208057,0,4.0401833576043926e-05,0,0,0,0.10635035333720329,0.0014575735958537032,0.8685604061044573,1.797794022852655,0.18364910232638654,2.573378201872298,0.4059526030362992,0.13924379132856443,0.034890540748063276,0.002569099282020615,0.7474721497326652,0.21510661531894817,0.011301071201485161,0.00011253860406313542,0.004733386930203712,0.008679888352564663,0.012426488474120149,0.0006240829214311441,0.009427107590568008,0,0,0,0,0,0,0,0,0,0,0,5.57915130702856e-05,0,0.5400429379330248,0.0319724291544831,3.3517441082407102,6.161473557190185,0.05764559802130518,0.26754713815874837,0.00019000859243645984,0.004817462642046147,0
0,0,0,0,0,0,0,0,0,0,0,0,0,0,0,0,0,0,0,0,0,0,0,0,0,0,0,0,0,0,0,0,0,0,0,0,0,0,0,0,0,0.10635035333720329,0,0,0.000299059600240191,0.1789548538238148,0.001369925109040483,0.20708702660165884,0.001076617209092748,0.0002491513399323204,0.00025821393087031597,0,0.00037928792003464896,0,0,0,2.5886244688129858e-05,0.0003515713721970195,0,0,2.6692322238426363e-05,0,0,0,0,0,0,0,0,0,0,0,0,0,0.00023622383916543772,0,0.000949176237079721,0.0009143893777226333,0,0,0,0,0
0,0,0,0,0,0,0,0,0,0,0,0,0,0,0,0,0,0,0,0,0,0,0,0,0,0,0,0,0,0,0,0,0,0,0,0,0,0,0,0,0,0.0014575735958537032,0,0,0.03711152098409683,0.00034360594171132294,0,0.008618347116379422,0.014014012216920167,0,0,0,0.0009358845293757976,0,0,0,0,0,0,0,0,0,0,0,0,0,0,0,0,0,0,0,0,0,0.00020725117394328394,0,0.00018037606528014695,0.0008350130253336018,0,0,0,0,0
0,0,0,0,0,0,8.532941218442155e-05,8.489521623334326e-05,0,0,0,0.0004928131671809097,0.004114478684805299,0,0,0,0,0,0,0,0,0,0,0,0,0,0,0,0,0,0,0,0,0,0,0.0015256686279092407,0,0,0,0,0,0.8685604061044573,0.000299059600240191,0.03711152098409683,0,0.1706553871278205,0.017241759708834882,1.1075555633836807,0.8616397092808056,0.015035843719096683,0.002041178871872866,0.0018970874927054912,0.49891873361427835,0.10178510018263194,0.007374895429107744,0.00013009472952979725,0.0002534070720093924,0.0002333163738432112,0.0015356452409444985,0,0.0008819332273581901,0,0,0,0,0,0,0,0,0,0,0,0,0,0.14251844265766897,0.003133426110139819,0.6537659996305466,0.814957972433175,0.001364847245855419,0.1318110123723346,0,0.0012544404250094936,0
0,0,0,0,0,0,0,3.4432269100779933e-05,0,3.8950296096971e-05,0,0.0008899890583586642,0.008073393716915327,0.001851506154974106,0,0,0,0,0,0,0,0,0,0,0,0,0,0,0,0,0,0,0,7.344462431622376e-05,0.0010112695432308734,0.018479758210892868,0.00012951534818014243,0,5.8668057399473644e-05,0,0,1.797794022852655,0.1789548538238148,0.00034360594171132294,0.1706553871278205,0,15.352442202932215,26.877746313724135,3.514005567058455,2.3911534918735655,1.1468376715478803,0.01123547740930495,1.3001188714404495,1.5044669456714777,0.12350186869076306,0.000498166758693649,0.1519795343177914,0.11469898237310222,0.04824885388313143,0.016849581419355313,0.009526598820057587,0,0,0,0.0003650037509180666,0,0,0,0,0,0,0.00019070937779973202,0.000107019412803892,0,1.7625163076081412,0.12151944545897005,4.362829773453888,2.0148185640528067,0.06398345658934354,0.0015667385900190551,0.002270529375059585,0,0
0,0,0,0,0,0.00012093215188529019,0.000152839491447287,0.00013713222921011602,0.0005150883978582735,0.00040906274512454417,0,0.00024966449552907266,0.017351331775767427,0.016023622027978957,4.4225500082415756e-05,2.9210038411265982e-05,0.00012761096372513846,0,0,0,0,0,0,0,0,0,0,0,0,0,0,0,0,0.00036077155553516634,0.019605151500909496,0.04674922380916906,0.00010128768379701667,0,0,5.9375603941637464e-05,0,0.18364910232638654,0.001369925109040483,0,0.017241759708834882,15.352442202932215,0,48.388559047222515,3.459729647610802,14.894693479322589,63.15222392740541,0.3636262806516523,0.5542288112890333,2.0833922603822983,1.8708664677297955,0.03436122473813288,11.980358725119563,5.964578358284276,1.3801531744693813,0.7256073624354743,0.16399264852924259,2.1941364276886212e-05,0.00016356926473509126,0.0010912181325263856,0.008322305829862956,0.0002575641237023567,0.0006105414100162438,0,0,2.7480199004982843e-05,0.00019266810275435906,0.006882762856628267,0.01839083581878774,0.0009612463314548742,26.5438679562307,1.9253401349059927,13.797429665559088,17.659592459741507,0.626486863910341,0.00217286939083015,0.026715289290440217,0.0003029400386544704,3.16615425929908e-05
0.00018369998123813014,0,0,0,0.0004778394022715852,0.001959193509483777,0.015128775049094965,0.004980626303669308,0.011554981217570906,0.0011348578313753125,0,0.01166361261482215,0.30327942629346116,0.11034090281611471,0.00016902388560067485,2.4367343883694458e-05,0,0,0,0,0,0,0,0,0,0,0,0,0,0,0,0,0,0.0020352937570301305,0.07357922134796432,0.48576910950071034,0.0013335213065729498,0,0.0035598700216015106,7.824922036156452e-05,0,2.573378201872298,0.20708702660165884,0.008618347116379422,1.1075555633836807,26.877746313724135,48.388559047222515,0,122.75354768898431,72.88304756068372,8.691732751730623,0.3401255663788714,10.194365846187821,30.67096319506234,6.244176208628501,0.012506923699277727,1.393985025525946,0.8530041058077786,0.6847634505823608,0.09531841135108159,0.1219425995247275,0,0,4.2060416608657085e-05,0.0008167524119085409,0,0,0,0,0,0,0.0006596825037358226,0.0018004345699668518,0,22.951551468628743,2.3386209428419247,60.696094195802715,23.200268621931432,1.4210151800591992,0.021581357144919707,0.0037253106680635085,0.0009482192973925681,0.00012244041546108548
0,0,0,0,0.0004815500265306056,0.0020949351699014996,0.015216511141713615,0.007347002577711317,0.01533775456646618,0.0015153025548284512,2.2262865961989126e-05,0.00811907071844572,0.3433514152630189,0.16082177873801043,0.0006910142078983173,9.425410976550163e-05,0.00018373038499355,9.65754028560936e-05,0,0,0,0,0,0,0,0,0,0,0,0,0,0,0,0.002233495515093177,0.13560927704934947,0.5771637061798734,0.0011643590967623844,0,0.0026009533467580147,1.619372900862637e-05,0,0.4059526030362992,0.001076617209092748,0.014014012216920167,0.8616397092808056,3.514005567058455,3.459729647610802,122.75354768898431,0,161.99279779265729,114.2406238377065,85.41499110221837,8.725986394661746,74.72631209235688,34.80178154686314,0.04481959880801253,3.2395829330291557,1.0807177717619243,2.558865094287853,0.07514454592586965,0.3197642894398772,0,0,0.0003004836803117944,0.0005952020439772673,0.00018746314639223028,7.688147920880999e-05,0,0,4.406762725826056e-05,0.0001824342195117761,0.0028282644947927385,0.009753525569814089,0.002394667583938885,9.999935732230945,5.365508610748645,96.6036268654564,15.032381211526625,1.2784312276168635,0.010300738745563134,0.011672243209789497,0.0010139877002369963,0
0,0,0,0,0.0003187209364252887,0.004350722867713357,0.015629158609442428,0.011691262298289042,0.03177977687325048,0.00745486218944277,3.661359840147747e-05,0.003426015025164303,0.47101895770656954,0.4269237255960256,0.0023454614319674836,0.0006854466079813995,0.0010887837612209607,0.0009369486066019713,0,0,0,0,0,0,0,0,0,0,0,0,0,0,0,0.0060844406071926885,0.5364997092813502,0.9621559798526018,0.0032869430531629034,0.000255114032565392,0.001779205756339975,0.0012117036872957546,0,0.13924379132856443,0.0002491513399323204,0,0.015035843719096683,2.3911534918735655,14.894693479322589,72.88304756068372,161.99279779265729,0,129.00155488707054,19.318406087848242,0.938895961488729,56.911179773722324,106.16147665888765,0.406439051854125,18.84454079874839,7.386198741230007,30.177222778404033,0.2842757184193572,4.315454975064083,0.00023461485909427598,0.0001387222227266053,0.002286726374431616,0.0068614034759256915,0.00016308982802302506,9.135645030445823e-05,0,0,6.625661482288082e-05,0.00010240339032412269,0.005468037959189589,0.012775119302404707,0.0012171265707888728,33.45601381935584,15.5096865704981,119.95131407785,60.80189832714087,4.011325678944683,0.023852461732487715,0.023394900132991656,0.00329897584718827,0.0004218862773318923
0,0,0,0,0,0.00038866596197779815,0.0006687219839824625,0.001059633990174266,0.0038721996323569144,0.004284772677812333,0.002684780301967918,0.00022856165200101742,0.057450564584258325,0.07682077906284765,0.0027527009809163307,0.00032800763842756787,0.0007364577189596065,0.0008713363281995033,2.8007717384646565e-05,0,0,0,0,0,0,0,0,0,0,0,0,0,0,0.002887928421505649,0.1709194799680701,0.1997479845320503,0.0011979900215215611,5.172671879512721e-05,0.00015249368906369843,0.00040237429576798047,0,0.034890540748063276,0.00025821393087031597,0,0.002041178871872866,1.1468376715478803,63.15222392740541,8.691732751730623,114.2406238377065,129.00155488707054,0,148.65790005340338,0.16029389978041433,6.45097660840788,27.194732191974545,0.5787242152790132,146.93565124270452,60.45292320019665,42.15051652303519,4.152694570828267,5.44565599178354,0.0006587647537306167,0.0007847690556821547,0.006868924517960423,0.01586634443656486,0.0035910841943603486,0.004046218658373367,0,0,0.0007269803883042761,0.0011922672780094955,0.04770024266364042,0.09322402662276064,0.008857525211982726,107.70502906856888,13.697137977261047,45.111627197272156,71.85085925185042,2.939668846398014,0.005905669925392321,0.05174955674645182,0.007941762111360426,7.811842020628277e-05
0,0,0,0,0,0,0,0,1.7096395087663723e-05,0.00015480295048534207,0.003344924975441093,0,0.002739120036577138,0.0036027898460374744,0.0010043427655831159,0.0006639092571265829,3.490722637612629e-05,0.00042557461287039047,0,0,0,0,0,0,0,0,0,0,0,0,0,0,0,0.00017071809424550473,0.01834206409045773,0.017967243641338088,6.147868679272294e-05,0,2.6372819835535205e-05,0,0,0.002569099282020615,0,0,0.0018970874927054912,0.01123547740930495,0.3636262806516523,0.3401255663788714,85.41499110221837,19.318406087848242,148.65790005340338,0,0.006154470284760956,0.39055315072514224,7.2601625841678255,0.5971469432366853,67.94327903217899,9.324441340866375,82.97165669940877,0.41674447969347694,5.668507515127268,0,0.0006605404821722695,0.003831841700168327,0.0038067353688692666,0.002391227641927353,0.00035158763032886267,0,0,0.003100061320552824,0.0012278058019283816,0.035097282807325915,0.09972856476314136,0.006144739717545015,7.463200615636669,4.012605726173086,17.826996326621806,7.72162722220584,0.7783878916616497,0.000412477349943735,0.021990397802373243,0.0002540729129937304,0.00013786418786011597
0.0019935229838472725,0,0,0.0011408744341214999,0.0009473567090242733,0.0006445592894635516,0.012367499375589243,0.0037842313418820824,0.002739500588206786,0.00137849680912921,0,0.3152250141651138,0.5096792812420613,0.007031535861940835,0,2.1088346595726456e-05,0,1.4303859788004422e-05,0,0,0,0,0,0,0,0,0,0,0,0,0,0,0,0.001611929927326487,0.0024042941589909692,1.1757695252726221,0.007709897750293075,0,0.14868457966293794,0,0,0.7474721497326652,0.00037928792003464896,0.0009358845293757976,0.49891873361427835,1.3001188714404495,0.5542288112890333,10.194365846187821,8.725986394661746,0.938895961488729,0.16029389978041433,0.006154470284760956,0,7.409722003815022,0.3838786596990623,0.055778855478632906,0.01949473400644669,0.010043399439958352,0.013390510155897508,0.0010799765201778483,0.013150987430242176,0,0,0,0,0,0,0,0,0,0,0,0,0,2.425494347022553,0.06255896011569426,13.747529893711352,2.976880460601391,0.04974857640644586,0.2786931660760082,0.0028928640712685646,0,0
0.0025014136744812066,0,0,0.00036752589869578256,0.015866658096932683,0.07409066208986777,0.31037533799669403,0.16595201380790878,0.36675716779719225,0.07856291278491208,0.002079614416068617,0.44737378704192987,3.5367733044688157,2.1128528107902835,0.009634523592783129,0.00660504745185416,0.006944259334930472,0.009479988766965352,0.0007593181417528929,0.00041369209814284873,0,0,0,0,0,0,0,0,0,0,0,0,0,0.08376783128082191,2.186420881456281,16.912655560758385,0.05232657028917986,0.0012979577561980243,0.2505427730854581,0.005850365158219498,0,0.21510661531894817,0,0,0.10178510018263194,1.5044669456714777,2.0833922603822983,30.67096319506234,74.72631209235688,56.911179773722324,6.45097660840788,0.39055315072514224,7.409722003815022,0,23.334510798399407,0.11667520926910306,0.4992281396874061,0.22578033839100323,0.6895970385132207,0.020241794869206745,0.10305518431473296,0,0,0,4.1679563203428656e-05,0,2.306980016473842e-05,0,0,0,0,0.0003051516849355898,0.0010537514991453337,0,5.303003541626669,4.357045521648268,165.21576409971266,9.59177393794525,0.6866666649622013,0.13733935902514072,0.01879199949525104,0.000372459168026746,0.006528957348426779
0.00034172764265436554,0,0,0,0.003498760701094415,0.051729821008274814,0.12430119919022266,0.11260304223759367,0.3593924574758309,0.12502979909310213,0.006680379967953262,0.01667231833646978,2.1353604309533143,4.009688399968773,10.475489128079472,0.020439497302424364,0.02776258914235798,0.038974312216042424,0.008543385312584955,0.028010212411897255,0,0,0,0.08558784380121659,0,0.009657846598973995,0,0,0,0,9.042854593181826e-05,0,0,0.14722375569281507,32.62202377794123,13.252118974201624,0.10804045457907015,0.01437782945158919,0.1111445304684895,2.724211775196547,0,0.011301071201485161,0,0,0.007374895429107744,0.12350186869076306,1.8708664677297955,6.244176208628501,34.80178154686314,106.16147665888765,27.194732191974545,7.2601625841678255,0.3838786596990623,23.334510798399407,0,77.66018919728671,10.148607385316163,14.243814310314617,71.78109929171549,2.502732084141341,15.518883331609901,0.0071674793895648925,0.008282958464924559,0.0986072618444548,0.4633847369693953,0.023006329005406626,0.06342234896003818,0,0,0.036337125850323636,0.030304115152297525,0.21653326579276613,0.5236945125712729,0.09905547111728658,23.782263232797344,177.289136292112,274.4939811070934,19.109042978061293,1.439745495858878,0.05054339786555665,22.18189110330677,0.0018862371786822914,5.021489436235755
0,0,0,0,9.012510446616964e-05,0.0011861822518545472,0.00042340238265392295,0.001159016655652975,0.004510776527575497,0.008220388448327778,0.0032343489134931966,7.520912703476622e-05,0.0182303795030786,8.076641183232606,34.08768554158817,0.0024413737575406714,0.03440776580048588,0.12006808053525041,0.08212276714065882,0.5732808839534175,7.499662148822666e-05,8.502738106859185e-05,0.002526697204580405,0.16298725055688196,0.0006858270687879429,0.0036988277412235756,0,0,0.0003940628138043861,0.0003339520096869579,0.0032470399474869615,0.0006088226881522991,0.0008858525682369036,0.04476683976999467,5.769835126385207,0.7003183791881065,0.027447675348672516,0.005178906579666696,0.0018245165446372062,2.22865638382613,0,0.00011253860406313542,0,0,0.00013009472952979725,0.000498166758693649,0.03436122473813288,0.012506923699277727,0.04481959880801253,0.406439051854125,0.5787242152790132,0.5971469432366853,0.055778855478632906,0.11667520926910306,77.66018919728671,0,0.8960216308511545,6.797667074916,71.93599315281918,38.648230641320964,168.27966446087598,0.48451585124281277,0.5508940233803681,4.894258450136064,12.209377828494217,0.9192677969948485,3.0561448072173842,7.844758394311515e-05,0,1.2225967389541412,0.8101878800641892,2.6276900487369996,3.769166476715384,1.036112416599359,9.772272675267986,104.21050369676344,7.2746279202932085,1.8220391554204955,0.41001476321243213,0.0022977098247413245,73.66012320530331,0.0012292480365652225,7.065055347341094
0,0,0,0,0,0,0,4.868262371906452e-05,5.66341082454463e-05,0.00021908522394060282,0.0006031427305415757,0,0.003347880710602722,0.0058135821549337345,0.0009736099068511875,0,9.735424430524807e-05,1.6843534649976084e-05,0,0,0,0,0,0,0,0,0,0,0,0,0,0,0,0.00011933382664335554,0.02419298450389854,0.02355374386792337,6.863156463194789e-05,0,0,0,0,0.004733386930203712,2.5886244688129858e-05,0,0.0002534070720093924,0.1519795343177914,11.980358725119563,1.393985025525946,3.2395829330291557,18.84454079874839,146.93565124270452,67.94327903217899,0.01949473400644669,0.4992281396874061,10.148607385316163,0.8960216308511545,0,171.33966288696737,56.528197909518326,10.003518428583597,12.757121026162848,0.000795037281800351,0.0013310815198999493,0.017119033830829376,0.015781849725266583,0.0015016465796380857,0.001223043034091445,0,0,0.0010992715389896242,0.001462737497209962,0.09628112642499263,0.16455145481799852,0.006410934106884489,51.92985525582338,5.6255691604856635,9.216478441509954,24.259084602108302,1.1246415962899903,0.0008534028666950295,0.032997843155110465,0.0021890993427209106,0.00031168216349419954
0,0,0,0,0,0,0,0,8.983456657006397e-05,0.00021856744560770118,0,0,0.00192520843584824,0.007171462913923324,0.019062508847995825,5.0814687664329104e-05,0.0009515127707335765,0.0009146835366605396,0.00018172030987326226,0.00039957001713019334,0,0,0,0,0,0,0,0,0,0,0,0,0,0.0008239575460947282,0.05808634530028037,0.025268357658011612,0.0002621989830171812,3.5184243733952584e-05,0,0.0017818746139681078,0,0.008679888352564663,0.0003515713721970195,0,0.0002333163738432112,0.11469898237310222,5.964578358284276,0.8530041058077786,1.0807177717619243,7.386198741230007,60.45292320019665,9.324441340866375,0.010043399439958352,0.22578033839100323,14.243814310314617,6.797667074916,171.33966288696737,0,41.58887319144737,158.69950174353542,21.921414952963236,0.08471383801982811,0.14030499805812494,0.5495056353361245,0.6739093849798042,0.25821415462074365,0.04781917169537139,0.0002465747818756974,1.9169214371223547e-05,0.30212418108358946,0.2731698901619055,8.044976814499613,13.983066768964944,0.3141803563054569,135.8976341739418,20.68226273426637,16.346730874214586,39.63131217378321,2.9019823827474793,0.00161333405634381,2.1494747999523094,0.01044956836761119,0.005463378248357829
0,0,0,0,0,0.0001586819328003815,3.093337770326753e-05,0.00022219719075589382,0.0010825475779328991,0.001810536487492018,0.000540051378417922,0,0.009117598640129398,0.045942373205258555,0.20483600579328098,0.0003430226616093017,0.0040833440195371514,0.011604696647518929,0.003126986139416091,0.008580358905547052,0.004191273964496259,0.00040234169915080205,0.000716215540024037,0.0033476253411409748,0,0,0,0,0,0,3.230915728349324e-05,7.75778886747394e-05,0,0.006547595227475434,0.2440682684406168,0.12814410563247192,0.0048374066357007375,0.0008705877559970686,7.901385363527137e-05,0.015786143107726667,0,0.012426488474120149,0,0,0.0015356452409444985,0.04824885388313143,1.3801531744693813,0.6847634505823608,2.558865094287853,30.177222778404033,42.15051652303519,82.97165669940877,0.013390510155897508,0.6895970385132207,71.78109929171549,71.93599315281918,56.528197909518326,41.58887319144737,0,84.14261339957453,568.2863024890006,69.82919835327118,85.8194418477405,25.25089423931615,9.77363259298979,2.086101020417047,0.15417681980063735,0,0,1.9491143352787377,1.0919340252817316,3.755255104019139,8.255167380472384,0.6412613474605311,59.625533247218044,45.763428227830325,44.878724402513086,43.90868248782347,5.6155294822558295,0.005600298522190273,8.792119976018144,0.019975360181182837,0.0705360453487745
0,0,0,0,0,0,0,0,0,8.969351776113107e-05,0,0,1.1614180826464509e-05,0.0032190067222287546,0.11331328187789215,5.614908575409738e-05,0.0005450476126660602,0.0015619813918360554,0.001050833268228546,0.0036303496277840575,0.00015815209587048148,0,3.323745307329045e-05,0.0014569291517560119,0,0,0,0,0,0,0,2.3121762998480696e-05,0,0.0019992487014252086,0.09869250548826877,0.015466902972650612,0.0013957494858532424,0.00016075798146900557,0,0.01689074223805694,0,0.0006240829214311441,0,0,0,0.016849581419355313,0.7256073624354743,0.09531841135108159,0.07514454592586965,0.2842757184193572,4.152694570828267,0.41674447969347694,0.0010799765201778483,0.020241794869206745,2.502732084141341,38.648230641320964,10.003518428583597,158.69950174353542,84.14261339957453,0,214.99090908358997,30.80046150911029,81.45421580901385,55.43291781936245,57.59889484410923,13.943105823538549,1.7671029224880803,0.0027627089997565024,0.0012023189024241274,11.260323730445043,9.849280948137025,47.00955558504254,89.71912841986915,3.818310784761175,53.184811586951035,40.05602537478046,7.178968736163095,7.7818550649619915,1.6494348591070471,0.000420763090445677,57.8978639096622,0.026338838835459583,0.1029881910240313
0,0,0,0,0,0,0,0,2.5611079334833735e-05,0.00012949141985034394,0.00013066050533454707,0,0.000609747876879432,0.026057475734637875,0.5811988557376088,0,0.001203853899930221,0.006452596151731413,0.0034812306277329074,0.04017168223392143,0,5.1685815842340534e-05,0.00031455691732063456,0.00534272074205156,0,0.0002112740357483559,0,0,6.844381528756376e-05,0,3.689244648022963e-05,0,0,0.0028300116247809747,0.17060702415466217,0.032504937000389734,0.0018357393703025855,5.115758616584137e-05,0,0.0531492693184864,0,0.009427107590568008,2.6692322238426363e-05,0,0.0008819332273581901,0.009526598820057587,0.16399264852924259,0.1219425995247275,0.3197642894398772,4.315454975064083,5.44565599178354,5.668507515127268,0.013150987430242176,0.10305518431473296,15.518883331609901,168.27966446087598,12.757121026162848,21.921414952963236,568.2863024890006,214.99090908358997,0,11.993683794591902,15.216921127396242,63.99567061519589,18.453782118974676,3.8385334720920707,0.88450131821042,0,0,8.140078062089103,5.322350159094537,13.76470892977598,13.672621933362946,1.338814152142897,21.911174338337926,40.011738908943876,13.797696989438345,6.50608376370665,1.773452940070576,0.0008804919167669141,39.78998997006568,0.011374528505147618,0.31053332483805307
0,0,0,0,0,0,0,0,0,0,0,0,0,0,0.0006093440158901344,0,0,0.0028569268928719353,0,0,0.005749702967926921,0.005172831097523887,0.0032876919158194577,0.0014889130632301573,0,0,0,0,0,0,0,0,0,0,5.6535499522494576e-05,0,0,0,0,0,0,0,0,0,0,0,2.1941364276886212e-05,0,0,0.00023461485909427598,0.0006587647537306167,0,0,0,0.0071674793895648925,0.48451585124281277,0.000795037281800351,0.08471383801982811,69.82919835327118,30.80046150911029,11.993683794591902,0,45.33025050029311,59.72395641774342,4.520957483719607,1.609853281105858,0.01820806378199939,0,0,1.4138121543038946,0.560007320594468,0.8900013506882212,0.3092726849328458,0.017029764073510374,0.09895183050844175,0.2203375882020424,0.014463514334545183,0.01260848937402779,0.0032125158043425335,0,0.6105738362653528,0,0.0014984535285317323
0,0,0,0,0,0,0,0,0,0,0,0,0,0,0.0004338717854509607,0,0,0,0,0,0.0031623473972995204,0.0007839705914374898,0.0011001325958806237,0.0015395755149752322,0,0,0,0,0,0,0,0,0,0,0,6.137445922417946e-05,0,0,0,0,0,0,0,0,0,0,0.00016356926473509126,0,0,0.0001387222227266053,0.0007847690556821547,0.0006605404821722695,0,0,0.008282958464924559,0.5508940233803681,0.0013310815198999493,0.14030499805812494,85.8194418477405,81.45421580901385,15.216921127396242,45.33025050029311,0,379.06807949883694,43.20932122024292,20.732132019715404,0.07206744738439891,0,0,7.219947685844059,2.1669787821615527,3.079300809276829,0.6793208094353865,0.04072542336309568,0.1621473335285804,0.28962609898416475,0.019304113150284706,0.019757675255462976,0.005367661705873691,0,1.150269172841658,0,0.0012831015788663373
0,0,0,0,0,0,0,0,0,0,0,0,0,3.020041452361817e-05,0.008594643116806432,0,0,6.864423230768488e-05,0.00010535607568139748,0.00034107213697870945,0.001738749284222304,0,5.403125624696079e-05,0.002036567006584788,0,0,0,0,0,0,0,0,0,1.4982383207246271e-05,0.0030926666653558164,0.00026292413850389866,4.8012600569975994e-05,0,0,0.000775851303791378,0,0,0,0,0,0,0.0010912181325263856,4.2060416608657085e-05,0.0003004836803117944,0.002286726374431616,0.006868924517960423,0.003831841700168327,0,0,0.0986072618444548,4.894258450136064,0.017119033830829376,0.5495056353361245,25.25089423931615,55.43291781936245,63.99567061519589,59.72395641774342,379.06807949883694,0,436.4495982277004,181.8666249571921,1.282629890644186,0.00026194219022136777,9.176740436725325e-05,19.113070304596768,7.054372524254353,19.50333612063056,5.3123284679623275,0.4470955051166838,1.0717133082598247,2.672278706870162,0.1828163384932656,0.19615809726711028,0.047717812653825735,0,16.321394728292965,0.0010326913489354622,0.01768512098731132
0,0,0,0,0,0,0,0,0,0,0,0,0.00030268818126107924,0.018849508911593527,0.04444579331325219,0,0,0.0002778749799919476,0.0002338522158333524,0.0016144903358716555,0.0004725980040977495,0.002194418170980791,0.0060994264008921596,0.005182700061945539,0,0,0,0,0,0,0,0,0,0,0.007721897984231637,0.00018307224363376813,0,0,0,0.009111467516578719,0,0,0,0,0,0.0003650037509180666,0.008322305829862956,0.0008167524119085409,0.0005952020439772673,0.0068614034759256915,0.01586634443656486,0.0038067353688692666,0,4.1679563203428656e-05,0.4633847369693953,12.209377828494217,0.015781849725266583,0.6739093849798042,9.77363259298979,57.59889484410923,18.453782118974676,4.520957483719607,43.20932122024292,436.4495982277004,0,86.76463917176957,4.869316654142881,9.114115561094472e-05,0,60.47012415799807,22.474240544192373,44.22552392712072,9.790294319914128,1.6586638900982016,2.816841916762869,7.102760064222094,0.42974319076778067,0.337141246259418,0.06320873618580894,0,43.49695141801225,0.0011014656021129192,0.06279988287186448
0,0,0,0,0,0,0,0,0,0,0,0,0,0,0.00035436125167077475,0,0,0,0,0,0,0,0,0.0001567453947320046,0,0,0,0,0,0,0,0,0,0,0.00023361240893582743,0,0,0,0,0.0001468540993368851,0,0,0,0,0,0,0.0002575641237023567,0,0.00018746314639223028,0.00016308982802302506,0.0035910841943603486,0.002391227641927353,0,0,0.023006329005406626,0.9192677969948485,0.0015016465796380857,0.25821415462074365,2.086101020417047,13.943105823538549,3.8385334720920707,1.609853281105858,20.732132019715404,181.8666249571921,86.76463917176957,0,3.896521675314712,0.02831284274409037,0.016215443778994,75.78297299472067,26.623829975238934,41.175629893721954,9.610120035601552,1.1695158802202488,1.176559272571833,1.8330382414809119,0.19461002947237352,0.23015258889703888,0.03299556949864161,0,20.281465155105476,0.09668520589730736,0.010686530757227808
0,0,0,0,0,0,0,0,0,0,0,0,0,0.0023799398071717376,0.0018686523995024536,0,0,0,0,0,0,0,0,0,0,0,0,0,0,0,0,0,0,0,0.0009589082550089551,0,0,0,0,0.00024553796721111214,0,0,0,0,0,0,0.0006105414100162438,0,7.688147920880999e-05,9.135645030445823e-05,0.004046218658373367,0.00035158763032886267,0,2.306980016473842e-05,0.06342234896003818,3.0561448072173842,0.001223043034091445,0.04781917169537139,0.15417681980063735,1.7671029224880803,0.88450131821042,0.01820806378199939,0.07206744738439891,1.282629890644186,4.869316654142881,3.896521675314712,0,0.09577995837934122,0.0005476522045496311,4.541742271501627,2.2007530535616544,3.3952500438074784,1.560651079385094,0.39027849351574445,0.4718501776266433,1.3530975971884804,0.08020127420590592,0.1180029317304443,0.0473023496965266,0,8.277281922249191,0.007113885178482556,0.25188168324629495
0,0,0,0,0,0,0,0,0,0,0,0,0,0,0,0,0,0,0,0,0,0,0,0,0,0,0,0,0,0,0,0,0,0,0,0,0,0,0,0,0,0,0,0,0,0,0,0,0,0,0,0,0,0,0,7.844758394311515e-05,0,0.0002465747818756974,0,0.0027627089997565024,0,0,0,0.00026194219022136777,9.114115561094472e-05,0.02831284274409037,0.09577995837934122,0,0.017173485862530917,0.028491762284180624,0.00987614422117589,0.014189505465190308,0.03910234290218336,0.0018385731932284402,0.06780439910837956,0,0,0.0066548879480633075,0,0,0.21338384304002983,0.06591687070582457,0
0,0,0,0,0,0,0,0,0,0,0,0,0,0,0,0,0,0,0,0,0,0,0,0,0,0,0,0,0,0,0,0,0,0,0,0,0,0,0,0,0,0,0,0,0,0,0,0,0,0,0,0,0,0,0,0,0,1.9169214371223547e-05,0,0.0012023189024241274,0,0,0,9.176740436725325e-05,0,0.016215443778994,0.0005476522045496311,0.017173485862530917,0,0.012982461739952288,0.004951740241910234,0.012370079310453072,0.06913018163169964,0.0006326214941850001,0.09233791868259605,3.505921795456248e-05,0,0.010135005355659627,0,0,0.02435678590809105,0.15730103568013562,0
0,0,0,0,0,0,0,0,0,0,0,0,0,0,0.0009911270342088162,0,0,0,0,0,0,0,0,0,0,0,0,0,0,0,0,0,0,0,0.0002953316996665804,0,0,0,0,0.00014294200288616078,0,0,0,0,0,0,2.7480199004982843e-05,0,4.406762725826056e-05,6.625661482288082e-05,0.0007269803883042761,0.003100061320552824,0,0,0.036337125850323636,1.2225967389541412,0.0010992715389896242,0.30212418108358946,1.9491143352787377,11.260323730445043,8.140078062089103,1.4138121543038946,7.219947685844059,19.113070304596768,60.47012415799807,75.78297299472067,4.541742271501627,0.028491762284180624,0.012982461739952288,0,39.22675608432536,58.25177941896907,9.76614278936992,0.8337141652433132,1.1230551289285367,2.292756224358092,0.18775155614141462,0.20390331635429287,0.03964880053728346,0,19.98074498951304,0.08394665971503801,0.008052961472432393
0,0,0,0,0,0,0,0,0,0,0,0,0,0,0.0001534388463465505,0,0,0,0,0,0,0,0,0,0,0,0,0,0,0,0,0,0,0,0.00038484286120022814,5.1638072316825836e-05,0,0,0,3.6915558618605855e-05,0,0,0,0,0,0,0.00019266810275435906,0,0.0001824342195117761,0.00010240339032412269,0.0011922672780094955,0.0012278058019283816,0,0,0.030304115152297525,0.8101878800641892,0.001462737497209962,0.2731698901619055,1.0919340252817316,9.849280948137025,5.322350159094537,0.560007320594468,2.1669787821615527,7.054372524254353,22.474240544192373,26.623829975238934,2.2007530535616544,0.00987614422117589,0.004951740241910234,39.22675608432536,0,29.860826000204664,4.70503278077949,0.4619422148684572,0.8158471072259573,2.151861045731764,0.1553124627831018,0.18571769209598415,0.0337386423092467,0,11.444341774308931,0.021438223777590686,0.012997695053022887
0,0,0,0,0,0,0,0,0,0,0,0,0,0,0.0018088639053948823,0,0,3.2348088030943926e-05,0,8.878440681528703e-05,0,0,0,0,0,0,0,0,0,0,0,0,0,6.151779543913576e-05,0.004410282261164489,0.00037987658160074176,0,0,0,0.00041007986406663187,0,0,0,0,0,0.00019070937779973202,0.006882762856628267,0.0006596825037358226,0.0028282644947927385,0.005468037959189589,0.04770024266364042,0.035097282807325915,0,0.0003051516849355898,0.21653326579276613,2.6276900487369996,0.09628112642499263,8.044976814499613,3.755255104019139,47.00955558504254,13.76470892977598,0.8900013506882212,3.079300809276829,19.50333612063056,44.22552392712072,41.175629893721954,3.3952500438074784,0.014189505465190308,0.012370079310453072,58.25177941896907,29.860826000204664,0,38.662353232205554,2.3308169221299107,4.643004906041244,8.986634312209976,0.9789767524555951,0.8567174393391702,0.23769259429238876,0,27.05458265189667,0.018445079735802568,0.02516387160095511
0,0,0,0,0,0,0,0,0,0,0,0,0,3.5727220864583125e-05,0.006659060608365639,0,3.595505094879061e-05,0.00016471355676331818,1.9898065157261227e-05,0.00016126473532711375,0,0,0,0,0,0,0,0,0,0,0,0,0,6.950821233781482e-05,0.014248336699580054,0.0008356387379018966,0,0,0,0.002280268777591992,0,5.57915130702856e-05,0,0,0,0.000107019412803892,0.01839083581878774,0.0018004345699668518,0.009753525569814089,0.012775119302404707,0.09322402662276064,0.09972856476314136,0,0.0010537514991453337,0.5236945125712729,3.769166476715384,0.16455145481799852,13.983066768964944,8.255167380472384,89.71912841986915,13.672621933362946,0.3092726849328458,0.6793208094353865,5.3123284679623275,9.790294319914128,9.610120035601552,1.560651079385094,0.03910234290218336,0.06913018163169964,9.76614278936992,4.70503278077949,38.662353232205554,0,5.984432408791751,4.1710055947802385,15.337415263495288,2.0189342022343677,1.8063712035104051,0.712036529740211,6.585440959685437e-05,20.99083001859554,0.1468581557397459,0.07252130667785764
0,0,0,0,0,0,0,0,0,0,0,0,0,0,0.00026305448596737537,0,0,0,0,0,0,0,0,0,0,0,0,0,0,0,0,0,0,0,0.005261119309633007,0.00024883042400207955,0,0,0,0.001028076359700552,0,0,0,0,0,0,0.0009612463314548742,0,0.002394667583938885,0.0012171265707888728,0.008857525211982726,0.006144739717545015,0,0,0.09905547111728658,1.036112416599359,0.006410934106884489,0.3141803563054569,0.6412613474605311,3.818310784761175,1.338814152142897,0.017029764073510374,0.04072542336309568,0.4470955051166838,1.6586638900982016,1.1695158802202488,0.39027849351574445,0.0018385731932284402,0.0006326214941850001,0.8337141652433132,0.4619422148684572,2.3308169221299107,5.984432408791751,0,0.8837311767862067,7.7740826204838145,0.7810251014574702,0.7451148432911366,0.3863554801612973,0.00011390070218059114,9.125141511532059,0.01074868161806054,0.03427995383456356
0,0,0,0,0,0.0001871966947733775,0.0004693204628648012,0.000504970912555046,0.002805991334855746,0.0023431239507143028,0.00011823103416456258,0.001395885777038196,0.06955623311664277,0.07732379764000481,0.02807358073353312,0.0003454988997292028,0.0016441396045337375,0.0016732865547103067,0.0007251558798858138,0.0015934933572100255,0,0,6.821848450662182e-05,0,0,0,0,0,0,0,0,0,0,0.004924573496159468,0.28925407416808885,0.2260157981519973,0.002165925929552697,0.00023804762937677383,0.00035341092443207876,0.016145297269698478,0,0.5400429379330248,0.00023622383916543772,0.00020725117394328394,0.14251844265766897,1.7625163076081412,26.5438679562307,22.951551468628743,9.999935732230945,33.45601381935584,107.70502906856888,7.463200615636669,2.425494347022553,5.303003541626669,23.782263232797344,9.772272675267986,51.92985525582338,135.8976341739418,59.625533247218044,53.184811586951035,21.911174338337926,0.09895183050844175,0.1621473335285804,1.0717133082598247,2.816841916762869,1.176559272571833,0.4718501776266433,0.06780439910837956,0.09233791868259605,1.1230551289285367,0.8158471072259573,4.643004906041244,4.1710055947802385,0.8837311767862067,0,83.20642298522107,77.7202400319835,110.74101261499479,16.90854919409732,0.04234222262655254,19.982811181422598,1.312484005839284,0.22560657819656124
9.263917850776942e-05,0,0,0,0.0005437262638258325,0.03780697066050594,0.04489364678192266,0.07464839090172282,0.2841426176403223,0.1518045047055462,0.014676519896918268,0.004070199139150735,2.1033866105750123,27.970403008226633,5.043947874232483,0.037579583439382225,0.10562080202814222,0.11902036238766021,0.07357293848882117,0.13564913091828365,0,0,0.00170639102242996,0.02428286872708962,0.0014068006909873224,0.0021086660273457432,0,0,0.0005303706746237521,0.0008892691833268451,0.006757335237898289,0.003959087597290108,0.004012534538450357,0.42343684811502813,115.66484422402779,15.444459818692716,0.4191831063607207,0.5483874864967516,0.8220411161810103,3.832893014430167,0.1413489911569624,0.0319724291544831,0,0,0.003133426110139819,0.12151944545897005,1.9253401349059927,2.3386209428419247,5.365508610748645,15.5096865704981,13.697137977261047,4.012605726173086,0.06255896011569426,4.357045521648268,177.289136292112,104.21050369676344,5.6255691604856635,20.68226273426637,45.763428227830325,40.05602537478046,40.011738908943876,0.2203375882020424,0.28962609898416475,2.672278706870162,7.102760064222094,1.8330382414809119,1.3530975971884804,0,3.505921795456248e-05,2.292756224358092,2.151861045731764,8.986634312209976,15.337415263495288,7.7740826204838145,83.20642298522107,0,90.43439039155552,138.54913861031739,101.04987374205282,1.5452401895772825,100.3485670423291,7.575228790529721,46.5967329656885
0.004211968248042651,0,0,0.0005893835149961875,0.01219971734298661,0.06539118315604622,0.24353936217655806,0.16866313097666236,0.3745011976575112,0.12196736580836703,0.006160334806355841,0.5749681570507493,8.56373655238325,5.986502986987242,0.16938472727582798,0.019455223884753382,0.029977643350071588,0.036347088800936324,0.009950420515969236,0.009522858157529792,0,0,0.00012915039905045416,0.0002875442771188191,0,0,0,0,0,0,0.0003463992584571681,0.00034874087240912064,5.730144685303047e-05,0.15896659128859272,8.748878829526967,21.235597835012328,0.14431118605334978,0.03324270078824133,0.4225766416941006,0.07315505923308334,9.826237715254947e-05,3.3517441082407102,0.000949176237079721,0.00018037606528014695,0.6537659996305466,4.362829773453888,13.797429665559088,60.696094195802715,96.6036268654564,119.95131407785,45.111627197272156,17.826996326621806,13.747529893711352,165.21576409971266,274.4939811070934,7.2746279202932085,9.216478441509954,16.346730874214586,44.878724402513086,7.178968736163095,13.797696989438345,0.014463514334545183,0.019304113150284706,0.1828163384932656,0.42974319076778067,0.19461002947237352,0.08020127420590592,0,0,0.18775155614141462,0.1553124627831018,0.9789767524555951,2.0189342022343677,0.7810251014574702,77.7202400319835,90.43439039155552,0,173.1864070777661,38.51029018067497,0.8315147067329686,4.990739137385911,0.102329462273382,0.10796172802980705
2.8982905652112435e-05,0,0,0,6.96540303297644e-05,0.0004401120120832465,0.0019258235108970798,0.0008504127835566754,0.0037262936710150967,0.0018502191785937907,0.00010064560105659928,0.003270218997951482,0.09548915184265742,0.09909226690329359,0.007510382274412366,0.0002159321680061048,0.0008640299920436084,0.0007573435425502485,0.00018016734960119287,0.0002993191164825535,0,0,0,0,0,0,0,0,0,0,0,0,0,0.0031974034129605713,0.2878681430083671,0.3098891307865712,0.004149177848433036,0.0007849570929314319,0.006704468750807669,0.0032583152312257967,0,6.161473557190185,0.0009143893777226333,0.0008350130253336018,0.814957972433175,2.0148185640528067,17.659592459741507,23.200268621931432,15.032381211526625,60.80189832714087,71.85085925185042,7.72162722220584,2.976880460601391,9.59177393794525,19.109042978061293,1.8220391554204955,24.259084602108302,39.63131217378321,43.90868248782347,7.7818550649619915,6.50608376370665,0.01260848937402779,0.019757675255462976,0.19615809726711028,0.337141246259418,0.23015258889703888,0.1180029317304443,0.0066548879480633075,0.010135005355659627,0.20390331635429287,0.18571769209598415,0.8567174393391702,1.8063712035104051,0.7451148432911366,110.74101261499479,138.54913861031739,173.1864070777661,0,20.942400032807512,0.41898725253351504,13.58194012717355,5.344298033597748,0.7103902752846526
0,0,0,0,0,0,0,0,0,3.6992125583015796e-05,0,0,0.0013077620480573795,0.006235176655183402,0.0007004082463738365,0,4.5207392819937984e-05,3.767684976145107e-05,0,1.4653926785054754e-05,0,0,0,0,0,0,0,0,0,0,0,0,0,2.6208194827616704e-05,0.2152215711304262,0.04192875552582559,0.0014030747911931195,0.08114486471920843,0.06622475314501627,0.02802241361529007,0.010509710044940076,0.05764559802130518,0,0,0.001364847245855419,0.06398345658934354,0.626486863910341,1.4210151800591992,1.2784312276168635,4.011325678944683,2.939668846398014,0.7783878916616497,0.04974857640644586,0.6866666649622013,1.439745495858878,0.41001476321243213,1.1246415962899903,2.9019823827474793,5.6155294822558295,1.6494348591070471,1.773452940070576,0.0032125158043425335,0.005367661705873691,0.047717812653825735,0.06320873618580894,0.03299556949864161,0.0473023496965266,0,0,0.03964880053728346,0.0337386423092467,0.23769259429238876,0.712036529740211,0.3863554801612973,16.90854919409732,101.04987374205282,38.51029018067497,20.942400032807512,0,0.8486706706868096,5.8533430945974425,2.423216823508661,2.7731628164765683
0.00029621031780973836,0,0,0,4.1136355234442035e-05,0.0001370659431326308,0.0009088096628114143,0.0005716729868365827,0.00040998405803028285,9.807834747216117e-05,0,0.04543814795586348,0.11209463680381485,0.043320457545149044,0.0005739999452392581,0,0,0,0,0,0,0,0,0,0,0,0,0,0,0,0,0,0,9.365268343265447e-05,0.253860735572307,0.5388738508781626,0.0027206779083517154,0.04564560701588695,0.10523620583665709,0.0037548184511389995,0.0013198223512821245,0.26754713815874837,0,0,0.1318110123723346,0.0015667385900190551,0.00217286939083015,0.021581357144919707,0.010300738745563134,0.023852461732487715,0.005905669925392321,0.000412477349943735,0.2786931660760082,0.13733935902514072,0.05054339786555665,0.0022977098247413245,0.0008534028666950295,0.00161333405634381,0.005600298522190273,0.000420763090445677,0.0008804919167669141,0,0,0,0,0,0,0,0,0,0,0,6.585440959685437e-05,0.00011390070218059114,0.04234222262655254,1.5452401895772825,0.8315147067329686,0.41898725253351504,0.8486706706868096,0,0.17460291205534054,0.12305231761903686,0.1381290691662004
0,0,0,0,0,2.048953849494268e-05,7.120055514021683e-05,0.00010260734779611621,0.0006077233832003979,0.0001672170909877038,0,0,0.008411579748372418,1.9026330622676557,1.1124308679747863,0,0.0007573333043847983,0.003622145000808181,0.003955460679647894,0.029674784681110754,0,0,0.0008837861318832723,0.006003368888381001,0.0005339465668237003,0.00014553304609932232,0,0,0,0,0.0007881506724787054,0.00017442503488494356,0,0.0067313536693390675,1.8949943946474612,0.0718560660009153,0.005781922036783528,0.01431716004096491,0.0018719188431845794,0.7970315448437668,0.011784707260238487,0.00019000859243645984,0,0,0,0.002270529375059585,0.026715289290440217,0.0037253106680635085,0.011672243209789497,0.023394900132991656,0.05174955674645182,0.021990397802373243,0.0028928640712685646,0.01879199949525104,22.18189110330677,73.66012320530331,0.032997843155110465,2.1494747999523094,8.792119976018144,57.8978639096622,39.78998997006568,0.6105738362653528,1.150269172841658,16.321394728292965,43.49695141801225,20.281465155105476,8.277281922249191,0.21338384304002983,0.02435678590809105,19.98074498951304,11.444341774308931,27.05458265189667,20.99083001859554,9.125141511532059,19.982811181422598,100.3485670423291,4.990739137385911,13.58194012717355,5.8533430945974425,0.17460291205534054,0,2.311286732173064,13.382306920312232
0,0,0,0,0,0,0,0,0,0,0,0,0,0,0,0,0,0,0,0,0,0,0,0,0,0,0,0,0,0,0,0,0,0,0.04180812812684875,0.00039692950429692753,0.00023841940593534873,0.008260289538327822,0.007419548448423131,0.019992949712756412,0.0048206941473544745,0.004817462642046147,0,0,0.0012544404250094936,0,0.0003029400386544704,0.0009482192973925681,0.0010139877002369963,0.00329897584718827,0.007941762111360426,0.0002540729129937304,0,0.000372459168026746,0.0018862371786822914,0.0012292480365652225,0.0021890993427209106,0.01044956836761119,0.019975360181182837,0.026338838835459583,0.011374528505147618,0,0,0.0010326913489354622,0.0011014656021129192,0.09668520589730736,0.007113885178482556,0.06591687070582457,0.15730103568013562,0.08394665971503801,0.021438223777590686,0.018445079735802568,0.1468581557397459,0.01074868161806054,1.312484005839284,7.575228790529721,0.102329462273382,5.344298033597748,2.423216823508661,0.12305231761903686,2.311286732173064,0,0.8207551648899163
0,0,0,0,0,3.5190516852336395e-05,5.59891222001695e-05,0.00012352040998102969,0.0009269394737320349,0.0015193099565573465,0.00024466852270607777,0,0.010866963652564223,4.514443052485181,4.9653258306030486,0.0002766822938076251,0.013520753841613284,0.02303490845673588,0.04664064693351522,0.08418794418537436,0,0,0.0021825430632780697,0.025260787835976156,0.001719679454708611,0.13249776851410486,0,0,0.002779802101044692,0.016720433968717,0.038910530802755756,0.04996259990838417,0.013094034194392961,0.4910667600077856,44.48952971331331,0.13419273190129158,1.2387771206192546,3.605555835546817,0.06171602108886423,14.563572299375522,1.1566990631888592,0,0,0,0,0,3.16615425929908e-05,0.00012244041546108548,0,0.0004218862773318923,7.811842020628277e-05,0.00013786418786011597,0,0.006528957348426779,5.021489436235755,7.065055347341094,0.00031168216349419954,0.005463378248357829,0.0705360453487745,0.1029881910240313,0.31053332483805307,0.0014984535285317323,0.0012831015788663373,0.01768512098731132,0.06279988287186448,0.010686530757227808,0.25188168324629495,0,0,0.008052961472432393,0.012997695053022887,0.02516387160095511,0.07252130667785764,0.03427995383456356,0.22560657819656124,46.5967329656885,0.10796172802980705,0.7103902752846526,2.7731628164765683,0.1381290691662004,13.382306920312232,0.8207551648899163,0
